分類1,分類2,分類3,分類4
価値創造モデル,価値創造モデル,価値創造モデル,価値創造
価値創造モデル,価値創造モデル,価値創造モデル,価値創造ストーリー
価値創造モデル,価値創造モデル,価値創造モデル,価値創造能力
価値創造モデル,価値創造モデル,価値創造モデル,社会価値創造
価値創造モデル,価値創造モデル,価値創造モデル,価値創造レポート
価値創造モデル,価値創造モデル,価値創造モデル,価値創造モデル
価値創造モデル,価値創造モデル,価値創造モデル,価値創造プロセス
価値創造モデル,価値創造モデル,価値創造モデル,価値創造のプロセス
価値創造モデル,価値創造モデル,価値創造モデル,hhceco
価値創造モデル,価値創造モデル,価値創造モデル,アウトカム
価値創造モデル,価値創造モデル,価値創造モデル,アウトカム実現
価値創造モデル,価値創造モデル,価値創造モデル,アウトカムの実現
社会価値創造,企業理念・パーパス経営,企業理念・パーパス,理念
社会価値創造,企業理念・パーパス経営,企業理念・パーパス,企業理念
社会価値創造,企業理念・パーパス経営,企業理念・パーパス,経営理念
社会価値創造,企業理念・パーパス経営,企業理念・パーパス,経営理念体系
社会価値創造,企業理念・パーパス経営,企業理念・パーパス,憲法
社会価値創造,企業理念・パーパス経営,企業理念・パーパス,hhc
社会価値創造,企業理念・パーパス経営,企業理念・パーパス,hhc理念
社会価値創造,企業理念・パーパス経営,企業理念・パーパス,創業の志
社会価値創造,企業理念・パーパス経営,企業理念・パーパス,Asahi Group Philosophy
社会価値創造,企業理念・パーパス経営,企業理念・パーパス,AGP
社会価値創造,企業理念・パーパス経営,企業理念・パーパス,存在理由
社会価値創造,企業理念・パーパス経営,企業理念・パーパス,ミッション
社会価値創造,企業理念・パーパス経営,企業理念・パーパス,使命
社会価値創造,企業理念・パーパス経営,企業理念・パーパス,パーパス
社会価値創造,企業理念・パーパス経営,企業理念・パーパス,経営哲学
社会価値創造,企業理念・パーパス経営,企業理念・パーパスの実践,企業理念実践
社会価値創造,企業理念・パーパス経営,企業理念・パーパスの実践,企業理念実践の物語
社会価値創造,企業理念・パーパス経営,企業理念・パーパスの実践,企業理念実践の取り組み
社会価値創造,企業理念・パーパス経営,企業理念・パーパスの実践,企業理念実践の事例
社会価値創造,企業理念・パーパス経営,企業理念・パーパスの実践,企業理念の実現
社会価値創造,企業理念・パーパス経営,企業理念・パーパスの実践,hhc理念の実現
社会価値創造,企業理念・パーパス経営,企業理念・パーパスの実践,企業理念を実現
社会価値創造,企業理念・パーパス経営,企業理念・パーパスの実践,hhc理念を実現
社会価値創造,企業理念・パーパス経営,企業理念・パーパスの実践,企業理念の実践
社会価値創造,企業理念・パーパス経営,企業理念・パーパスの実践,hhc理念の実践
社会価値創造,企業理念・パーパス経営,企業理念・パーパスの実践,企業理念を実践
社会価値創造,企業理念・パーパス経営,企業理念・パーパスの実践,hhc理念を実践
社会価値創造,企業理念・パーパス経営,企業理念・パーパスの実践,企業理念に共感
社会価値創造,企業理念・パーパス経営,企業理念・パーパスの実践,企業理念への共感
社会価値創造,企業理念・パーパス経営,企業理念・パーパスの実践,hhc理念に共感
社会価値創造,企業理念・パーパス経営,企業理念・パーパスの実践,hhc理念への共感
社会価値創造,企業理念・パーパス経営,企業理念・パーパスの実践,志への共感
社会価値創造,企業理念・パーパス経営,企業理念・パーパスの実践,CSV体験
社会価値創造,企業理念・パーパス経営,企業理念・パーパスの実践,企業理念の理解
社会価値創造,企業理念・パーパス経営,企業理念・パーパスの実践,hhc理念の理解
社会価値創造,企業理念・パーパス経営,企業理念・パーパスの実践,企業理念への
社会価値創造,企業理念・パーパス経営,企業理念・パーパスの実践,企業理念を体現
社会価値創造,企業理念・パーパス経営,企業理念・パーパスの実践,企業理念を自ら体現
社会価値創造,企業理念・パーパス経営,企業理念・パーパスの実践,企業理念経営
社会価値創造,企業理念・パーパス経営,企業理念・パーパスの実践,パーパス
社会価値創造,企業理念・パーパス経営,企業理念・パーパスの実践,パーパス経営
社会価値創造,共通価値創造,共通価値創造,共通価値
社会価値創造,共通価値創造,共通価値創造,共通の価値
社会価値創造,共通価値創造,共通価値創造,新たな価値の創造
社会価値創造,共通価値創造,共通価値創造,社会価値
社会価値創造,共通価値創造,共通価値創造,CSV
社会価値創造,共通価値創造,共通価値創造,CSV経営
社会価値創造,共通価値創造,共通価値創造,CSV経営を実践
社会価値創造,共通価値創造,共通価値創造,CSV経営を進化
社会価値創造,共通価値創造,共通価値創造,CSV経営の進化
社会価値創造,共通価値創造,共通価値創造,ASV
社会価値創造,共通価値創造,共通価値創造,ASVの自分ごと化
社会価値創造,共通価値創造,共通価値創造,ASV経営
社会価値創造,共通価値創造,共通価値創造,ASV経営を実践
社会価値創造,共通価値創造,共通価値創造,ASV経営を進化
社会価値創造,共通価値創造,共通価値創造,ASV経営の進化
社会価値創造,共通価値創造,共通価値創造,ROE
社会価値創造,共通価値創造,共通価値創造,ROESG
社会価値創造,共通価値創造,共通価値創造,本業を通じた
社会価値創造,共通価値創造,共通価値創造,事業を通じた
社会価値創造,共通価値創造,共通価値創造,本業を通じた社会貢献
社会価値創造,共通価値創造,共通価値創造,社会価値の向上
社会価値創造,共通価値創造,共通価値創造,社会価値の創造
社会価値創造,共通価値創造,共通価値創造,社会価値を創造
社会価値創造,共通価値創造,共通価値創造,社会価値創造（
社会価値創造,共通価値創造,共通価値創造,社会価値と経済価値
社会価値創造,共通価値創造,共通価値創造,顧客価値（社会価値）
社会価値創造,共通価値創造,共通価値創造,お客様価値（社会価値）
社会価値創造,共通価値創造,共通価値創造,ソーシャルニーズ
社会価値創造,共通価値創造,共通価値創造,ソーシャルニーズを創造
社会価値創造,共通価値創造,共通価値創造,ソーシャルニーズの創造
社会価値創造,共通価値創造,共通価値創造,社会像
社会価値創造,共通価値創造,共通価値創造,社会課題
社会価値創造,共通価値創造,共通価値創造,社会課題の把握
社会価値創造,共通価値創造,共通価値創造,社会課題の解決
社会価値創造,共通価値創造,共通価値創造,社会課題を解決
社会価値創造,共通価値創造,共通価値創造,社会課題解決
社会価値創造,共通価値創造,共通価値創造,社会課題解決の実践
社会価値創造,共通価値創造,共通価値創造,社会的課題
社会価値創造,共通価値創造,共通価値創造,社会的課題の解決
社会価値創造,共通価値創造,共通価値創造,社会的課題を解決
社会価値創造,共通価値創造,共通価値創造,社会的課題の探索
社会価値創造,共通価値創造,共通価値創造,社会的課題を探索
社会価値創造,共通価値創造,共通価値創造,事業を通じた社会的課題の解決
社会価値創造,共通価値創造,共通価値創造,サステナビリティ課題
事業マネジメント,長期ビジョン,長期ビジョン,ビジョン
事業マネジメント,長期ビジョン,長期ビジョン,目指す姿
事業マネジメント,長期ビジョン,長期ビジョン,ありたい姿
事業マネジメント,長期ビジョン,長期ビジョン,あるべき姿
事業マネジメント,長期ビジョン,長期ビジョン,在るべき姿
事業マネジメント,長期ビジョン,長期ビジョン,目指すもの
事業マネジメント,長期ビジョン,長期ビジョン,長期
事業マネジメント,長期ビジョン,長期ビジョン,中長期
事業マネジメント,長期ビジョン,長期ビジョン,長期視点
事業マネジメント,長期ビジョン,長期ビジョン,長期的視点
事業マネジメント,長期ビジョン,長期ビジョン,長期的な視点
事業マネジメント,長期ビジョン,長期ビジョン,長期を見据えた
事業マネジメント,長期ビジョン,長期ビジョン,長期ビジョン
事業マネジメント,長期ビジョン,長期ビジョン,長期成長ビジョン
事業マネジメント,長期ビジョン,長期ビジョン,次期長期ビジョン
事業マネジメント,長期ビジョン,長期ビジョン,次期長期ビジョンの方向性
事業マネジメント,長期ビジョン,長期ビジョン,長期ビジョンの完成
事業マネジメント,長期ビジョン,長期ビジョン,長期的なビジョン
事業マネジメント,長期ビジョン,長期ビジョン,VISION2030
事業マネジメント,長期ビジョン,長期ビジョン,グローバルビジョン
事業マネジメント,長期ビジョン,長期ビジョン,中期経営ビジョン
事業マネジメント,長期ビジョン,長期ビジョン,長期目標
事業マネジメント,長期ビジョン,長期ビジョン,長期的目標
事業マネジメント,長期ビジョン,長期ビジョン,長期的な目標
事業マネジメント,長期ビジョン,長期ビジョン,長期経営目標
事業マネジメント,長期ビジョン,長期ビジョン,長期経営構想
事業マネジメント,長期ビジョン,長期ビジョン,KV2027
事業マネジメント,長期ビジョン,長期ビジョン,長期的な成長
事業マネジメント,長期ビジョン,長期ビジョン,長期構想
事業マネジメント,長期ビジョン,長期ビジョン,長期的な価値
事業マネジメント,長期ビジョン,長期ビジョン,長期的な価値創造
事業マネジメント,長期ビジョン,長期ビジョン,長期の価値創造能力
事業マネジメント,長期ビジョン,長期ビジョン,長期投資家
事業マネジメント,長期ビジョン,長期ビジョン,長期的な株主価値
事業マネジメント,長期ビジョン,長期ビジョン,長期的な企業価値
事業マネジメント,長期ビジョン,長期ビジョン,長期の企業価値
事業マネジメント,長期ビジョン,長期ビジョン,長期安定経営
事業マネジメント,長期ビジョン,長期ビジョン,長期優良住宅
事業マネジメント,長期ビジョン,長期ビジョン,長期借入
事業マネジメント,長期ビジョン,長期ビジョン,長期業績連動報酬
事業マネジメント,長期ビジョン,長期ビジョン,長期的関係
事業マネジメント,長期ビジョン,長期ビジョン,長期リレーションシップ
事業マネジメント,長期ビジョン,長期ビジョン,長期的リレーションシップ
事業マネジメント,長期ビジョン,長期ビジョン,サステナビリティビジョン
事業マネジメント,長期ビジョン,長期ビジョン,環境ビジョン
事業マネジメント,長期ビジョン,長期ビジョン,事業ビジョン
事業マネジメント,長期ビジョン,長期ビジョン,経営基盤ビジョン
事業マネジメント,成長戦略,成長戦略,戦略
事業マネジメント,成長戦略,成長戦略,成長戦略
事業マネジメント,成長戦略,成長戦略,オーガニック
事業マネジメント,成長戦略,成長戦略,オーガニック成長
事業マネジメント,成長戦略,成長戦略,成長投資
事業マネジメント,成長戦略,成長戦略,事業別成長戦略
事業マネジメント,成長戦略,成長戦略,事業戦略
事業マネジメント,成長戦略,成長戦略,事業価値
事業マネジメント,成長戦略,成長戦略,事業価値の向上
事業マネジメント,成長戦略,成長戦略,事業戦略をつくるプロセスの改革
事業マネジメント,中期経営計画,中期経営計画,中期経営計画
事業マネジメント,中期経営計画,中期経営計画,VG2.0
事業マネジメント,中期経営計画,中期経営計画,EWAY
事業マネジメント,中期経営計画,中期経営計画,WeWill
事業マネジメント,中期経営計画,中期経営計画,中期経営計画「WeWlill 2021」
事業マネジメント,進捗管理・振り返り,進捗管理・振り返り,進捗
事業マネジメント,進捗管理・振り返り,進捗管理・振り返り,進捗状況
事業マネジメント,進捗管理・振り返り,進捗管理・振り返り,振り返り
事業マネジメント,進捗管理・振り返り,進捗管理・振り返り,振りかえり
事業マネジメント,進捗管理・振り返り,進捗管理・振り返り,総括
事業マネジメント,進捗管理・振り返り,進捗管理・振り返り,総括検証
事業マネジメント,進捗管理・振り返り,進捗管理・振り返り,キャッシュアロケーション
事業マネジメント,進捗管理・振り返り,進捗管理・振り返り,投資配分
事業マネジメント,ポートフォリオマネジメント,ポートフォリオマネジメント,ポートフォリオ
事業マネジメント,ポートフォリオマネジメント,ポートフォリオマネジメント,事業ポートフォリオ
事業マネジメント,ポートフォリオマネジメント,ポートフォリオマネジメント,ポートフォリオマネジメント
事業マネジメント,ポートフォリオマネジメント,ポートフォリオマネジメント,事業ポートフォリオマネジメント
事業マネジメント,ポートフォリオマネジメント,ポートフォリオマネジメント,ＰＰＭ
事業マネジメント,ポートフォリオマネジメント,ポートフォリオマネジメント,PPM
事業マネジメント,ポートフォリオマネジメント,ポートフォリオマネジメント,ポートフォリオ再編
事業マネジメント,ポートフォリオマネジメント,ポートフォリオマネジメント,ポートフォリオの再編
事業マネジメント,ポートフォリオマネジメント,ポートフォリオマネジメント,ポートフォリオの最適化
事業マネジメント,ポートフォリオマネジメント,ポートフォリオマネジメント,ポートフォリオの構築
事業マネジメント,ポートフォリオマネジメント,ポートフォリオマネジメント,ポートフォリオ再編
事業マネジメント,ポートフォリオマネジメント,ポートフォリオマネジメント,ポートフォリオの再編
事業マネジメント,ポートフォリオマネジメント,ポートフォリオマネジメント,ポートフォリオの選別
事業マネジメント,ポートフォリオマネジメント,ポートフォリオマネジメント,ポートフォリオの再構築
事業マネジメント,ポートフォリオマネジメント,ポートフォリオマネジメント,ポートフォリオへの再構築
事業マネジメント,ポートフォリオマネジメント,ポートフォリオマネジメント,ポートフォリオ再構築
事業マネジメント,ポートフォリオマネジメント,ポートフォリオマネジメント,撤退
事業マネジメント,ポートフォリオマネジメント,ポートフォリオマネジメント,再構築事業
事業マネジメント,ポートフォリオマネジメント,ポートフォリオマネジメント,構造改革
事業マネジメント,ポートフォリオマネジメント,ポートフォリオマネジメント,M&A
事業マネジメント,ポートフォリオマネジメント,ポートフォリオマネジメント,PMI
事業マネジメント,ポートフォリオマネジメント,ポートフォリオマネジメント,パイプライン
事業マネジメント,ビジネスモデルづくり,ビジネスモデル,ビジネスモデル
事業マネジメント,ビジネスモデルづくり,ビジネスモデル,事業モデル
事業マネジメント,ビジネスモデルづくり,ビジネスモデル,ビジネスモデル設計
事業マネジメント,ビジネスモデルづくり,ビジネスモデル,ビジネスモデルの設計
事業マネジメント,ビジネスモデルづくり,ビジネスモデル,ビジネスモデルを設計
事業マネジメント,ビジネスモデルづくり,ビジネスモデル,事業モデル設計
事業マネジメント,ビジネスモデルづくり,ビジネスモデル,事業モデルの設計
事業マネジメント,ビジネスモデルづくり,ビジネスモデル,事業モデルを設計
事業マネジメント,ビジネスモデルづくり,ビジネスモデル,ビジネスモデル創出
事業マネジメント,ビジネスモデルづくり,ビジネスモデル,ビジネスモデルの創出
事業マネジメント,ビジネスモデルづくり,ビジネスモデル,ビジネスモデルを創出
事業マネジメント,ビジネスモデルづくり,ビジネスモデル,事業モデル創出
事業マネジメント,ビジネスモデルづくり,ビジネスモデル,事業モデルの創出
事業マネジメント,ビジネスモデルづくり,ビジネスモデル,事業モデルを創出
事業マネジメント,ビジネスモデルづくり,ビジネスモデル,ビジネスモデル構築
事業マネジメント,ビジネスモデルづくり,ビジネスモデル,ビジネスモデルの構築
事業マネジメント,ビジネスモデルづくり,ビジネスモデル,ビジネスモデルを構築
事業マネジメント,ビジネスモデルづくり,ビジネスモデル,事業モデル構築
事業マネジメント,ビジネスモデルづくり,ビジネスモデル,事業モデルの構築
事業マネジメント,ビジネスモデルづくり,ビジネスモデル,事業モデルを構築
事業マネジメント,ビジネスモデルづくり,ビジネスモデル,ビジネスモデル進化
事業マネジメント,ビジネスモデルづくり,ビジネスモデル,ビジネスモデルの進化
事業マネジメント,ビジネスモデルづくり,ビジネスモデル,ビジネスモデルを進化
事業マネジメント,ビジネスモデルづくり,ビジネスモデル,事業モデル進化
事業マネジメント,ビジネスモデルづくり,ビジネスモデル,事業モデルの進化
事業マネジメント,ビジネスモデルづくり,ビジネスモデル,事業モデルを進化
事業マネジメント,ビジネスモデルづくり,ビジネスモデル,ビジネスモデル改革
事業マネジメント,ビジネスモデルづくり,ビジネスモデル,ビジネスモデルの改革
事業マネジメント,ビジネスモデルづくり,ビジネスモデル,ビジネスモデルを改革
事業マネジメント,ビジネスモデルづくり,ビジネスモデル,事業モデル改革
事業マネジメント,ビジネスモデルづくり,ビジネスモデル,事業モデルの改革
事業マネジメント,ビジネスモデルづくり,ビジネスモデル,事業モデルを改革
事業マネジメント,ビジネスモデルづくり,ビジネスモデル,ビジネスモデル変革
事業マネジメント,ビジネスモデルづくり,ビジネスモデル,ビジネスモデルの変革
事業マネジメント,ビジネスモデルづくり,ビジネスモデル,ビジネスモデルを変革
事業マネジメント,ビジネスモデルづくり,ビジネスモデル,事業モデル変革
事業マネジメント,ビジネスモデルづくり,ビジネスモデル,事業モデルの変革
事業マネジメント,ビジネスモデルづくり,ビジネスモデル,事業モデルを変革
事業マネジメント,ビジネスモデルづくり,ビジネスモデル,ビジネスモデル確立
事業マネジメント,ビジネスモデルづくり,ビジネスモデル,ビジネスモデルの確立
事業マネジメント,ビジネスモデルづくり,ビジネスモデル,ビジネスモデルを確立
事業マネジメント,ビジネスモデルづくり,ビジネスモデル,事業モデル確立
事業マネジメント,ビジネスモデルづくり,ビジネスモデル,事業モデルの確立
事業マネジメント,ビジネスモデルづくり,ビジネスモデル,事業モデルを確立
事業マネジメント,ビジネスモデルづくり,ビジネスモデル,ビジネスモデル転換
事業マネジメント,ビジネスモデルづくり,ビジネスモデル,ビジネスモデルの転換
事業マネジメント,ビジネスモデルづくり,ビジネスモデル,ビジネスモデルを転換
事業マネジメント,ビジネスモデルづくり,ビジネスモデル,事業モデル転換
事業マネジメント,ビジネスモデルづくり,ビジネスモデル,事業モデルの転換
事業マネジメント,ビジネスモデルづくり,ビジネスモデル,事業モデルを転換
事業マネジメント,事業・イノベーション・技術・知財創造プロセス,事業創造のプロセス,事業創造
事業マネジメント,事業・イノベーション・技術・知財創造プロセス,事業創造のプロセス,事業創造のプロセス
事業マネジメント,事業・イノベーション・技術・知財創造プロセス,事業創造のプロセス,事業創造プロセス
事業マネジメント,事業・イノベーション・技術・知財創造プロセス,事業創造のプロセス,事業創造の「型」
事業マネジメント,事業・イノベーション・技術・知財創造プロセス,事業創造のプロセス,事業機会
事業マネジメント,事業・イノベーション・技術・知財創造プロセス,事業創造のプロセス,事業化プロセス
事業マネジメント,事業・イノベーション・技術・知財創造プロセス,事業創造のプロセス,事業の立ち上げ
事業マネジメント,事業・イノベーション・技術・知財創造プロセス,事業創造のプロセス,事業開発
事業マネジメント,事業・イノベーション・技術・知財創造プロセス,事業創造のプロセス,新事業
事業マネジメント,事業・イノベーション・技術・知財創造プロセス,事業創造のプロセス,新商品
事業マネジメント,事業・イノベーション・技術・知財創造プロセス,事業創造のプロセス,新製品
事業マネジメント,事業・イノベーション・技術・知財創造プロセス,強みの活用,強み
事業マネジメント,事業・イノベーション・技術・知財創造プロセス,強みの活用,ケイパビリティ
事業マネジメント,事業・イノベーション・技術・知財創造プロセス,強みの活用,コアコンピタンス
事業マネジメント,事業・イノベーション・技術・知財創造プロセス,イノベーションプロセス,イノベーション
事業マネジメント,事業・イノベーション・技術・知財創造プロセス,イノベーションプロセス,イノベーションの実現
事業マネジメント,事業・イノベーション・技術・知財創造プロセス,イノベーションプロセス,イノベーションを実現
事業マネジメント,事業・イノベーション・技術・知財創造プロセス,イノベーションプロセス,イノベーションの推進
事業マネジメント,事業・イノベーション・技術・知財創造プロセス,イノベーションプロセス,イノベーションを推進
事業マネジメント,事業・イノベーション・技術・知財創造プロセス,イノベーションプロセス,オープンイノベーション
事業マネジメント,事業・イノベーション・技術・知財創造プロセス,イノベーションプロセス,イノベーションプロセス
事業マネジメント,事業・イノベーション・技術・知財創造プロセス,イノベーションプロセス,IMS
事業マネジメント,事業・イノベーション・技術・知財創造プロセス,イノベーションプロセス,イノベーションマネジメント
事業マネジメント,事業・イノベーション・技術・知財創造プロセス,イノベーションプロセス,イノベーション・マネジメント
事業マネジメント,事業・イノベーション・技術・知財創造プロセス,イノベーションプロセス,イノベーションプラットフォーム
事業マネジメント,事業・イノベーション・技術・知財創造プロセス,イノベーションプロセス,イノベーションエコシステム
事業マネジメント,事業・イノベーション・技術・知財創造プロセス,イノベーションプロセス,イノベーション活動
事業マネジメント,事業・イノベーション・技術・知財創造プロセス,イノベーションプロセス,イノベーション促進
事業マネジメント,事業・イノベーション・技術・知財創造プロセス,イノベーションプロセス,イノベーションの促進
事業マネジメント,事業・イノベーション・技術・知財創造プロセス,イノベーションプロセス,イノベーションを促進
事業マネジメント,事業・イノベーション・技術・知財創造プロセス,イノベーションプロセス,イノベーション創出
事業マネジメント,事業・イノベーション・技術・知財創造プロセス,イノベーションプロセス,イノベーションの創出
事業マネジメント,事業・イノベーション・技術・知財創造プロセス,イノベーションプロセス,イノベーションを創出
事業マネジメント,事業・イノベーション・技術・知財創造プロセス,イノベーションプロセス,イノベーション創出力
事業マネジメント,事業・イノベーション・技術・知財創造プロセス,イノベーションプロセス,イノベーションの加速
事業マネジメント,事業・イノベーション・技術・知財創造プロセス,イノベーションプロセス,イノベーションを加速
事業マネジメント,事業・イノベーション・技術・知財創造プロセス,イノベーションプロセス,イノベーションマインド
事業マネジメント,事業・イノベーション・技術・知財創造プロセス,ベンチャー投資・協業・連携,ベンチャー
事業マネジメント,事業・イノベーション・技術・知財創造プロセス,ベンチャー投資・協業・連携,ベンチャーキャピタル
事業マネジメント,事業・イノベーション・技術・知財創造プロセス,ベンチャー投資・協業・連携,コーポレートベンチャーキャピタル
事業マネジメント,事業・イノベーション・技術・知財創造プロセス,ベンチャー投資・協業・連携,CVC
事業マネジメント,事業・イノベーション・技術・知財創造プロセス,ベンチャー投資・協業・連携,社内ベンチャーキャピタル
事業マネジメント,事業・イノベーション・技術・知財創造プロセス,ベンチャー投資・協業・連携,スタートアップ
事業マネジメント,事業・イノベーション・技術・知財創造プロセス,ベンチャー投資・協業・連携,ベンチャー投資
事業マネジメント,事業・イノベーション・技術・知財創造プロセス,ベンチャー投資・協業・連携,ベンチャー協業
事業マネジメント,事業・イノベーション・技術・知財創造プロセス,ベンチャー投資・協業・連携,ベンチャー企業
事業マネジメント,事業・イノベーション・技術・知財創造プロセス,研究開発管理,研究開発
事業マネジメント,事業・イノベーション・技術・知財創造プロセス,研究開発管理,研究開発投資
事業マネジメント,事業・イノベーション・技術・知財創造プロセス,研究開発管理,研究開発費
事業マネジメント,事業・イノベーション・技術・知財創造プロセス,研究開発管理,研究開発費率
事業マネジメント,事業・イノベーション・技術・知財創造プロセス,研究開発管理,研究開発力
事業マネジメント,事業・イノベーション・技術・知財創造プロセス,研究開発管理,研究開発プロセス
事業マネジメント,事業・イノベーション・技術・知財創造プロセス,研究開発管理,研究開発リソース
事業マネジメント,事業・イノベーション・技術・知財創造プロセス,研究開発管理,研究開発資源
事業マネジメント,事業・イノベーション・技術・知財創造プロセス,研究開発管理,研究開発テーマ
事業マネジメント,事業・イノベーション・技術・知財創造プロセス,研究開発管理,研究開発要員
事業マネジメント,事業・イノベーション・技術・知財創造プロセス,研究開発管理,研究開発体制
事業マネジメント,事業・イノベーション・技術・知財創造プロセス,研究開発管理,研究開発マネジメント
事業マネジメント,事業・イノベーション・技術・知財創造プロセス,研究開発管理,技術経営
事業マネジメント,事業・イノベーション・技術・知財創造プロセス,技術重視,技術
事業マネジメント,事業・イノベーション・技術・知財創造プロセス,技術重視,技術・ノウハウ
事業マネジメント,事業・イノベーション・技術・知財創造プロセス,技術重視,新技術
事業マネジメント,事業・イノベーション・技術・知財創造プロセス,技術重視,技術革新
事業マネジメント,事業・イノベーション・技術・知財創造プロセス,技術重視,技術者
事業マネジメント,事業・イノベーション・技術・知財創造プロセス,技術重視,技術力
事業マネジメント,事業・イノベーション・技術・知財創造プロセス,技術重視,技術の向上
事業マネジメント,事業・イノベーション・技術・知財創造プロセス,技術重視,技術を向上
事業マネジメント,事業・イノベーション・技術・知財創造プロセス,技術重視,技術を革新
事業マネジメント,事業・イノベーション・技術・知財創造プロセス,技術重視,技術を創出
事業マネジメント,事業・イノベーション・技術・知財創造プロセス,技術重視,技術確立
事業マネジメント,事業・イノベーション・技術・知財創造プロセス,技術重視,技術の確立
事業マネジメント,事業・イノベーション・技術・知財創造プロセス,技術重視,技術を活用
事業マネジメント,事業・イノベーション・技術・知財創造プロセス,技術重視,技術進化
事業マネジメント,事業・イノベーション・技術・知財創造プロセス,技術重視,技術を進化
事業マネジメント,事業・イノベーション・技術・知財創造プロセス,技術重視,技術開発
事業マネジメント,事業・イノベーション・技術・知財創造プロセス,技術重視,技術が開発
事業マネジメント,事業・イノベーション・技術・知財創造プロセス,技術重視,技術を開発
事業マネジメント,事業・イノベーション・技術・知財創造プロセス,技術重視,技術の開発
事業マネジメント,事業・イノベーション・技術・知財創造プロセス,技術重視,技術開発テーマ
事業マネジメント,事業・イノベーション・技術・知財創造プロセス,技術重視,技術開発力
事業マネジメント,事業・イノベーション・技術・知財創造プロセス,知的財産管理,知的財産
事業マネジメント,事業・イノベーション・技術・知財創造プロセス,知的財産管理,知的財産管理
事業マネジメント,事業・イノベーション・技術・知財創造プロセス,知的財産管理,知財
事業マネジメント,事業・イノベーション・技術・知財創造プロセス,知的財産管理,知財本郡
事業マネジメント,サステナブルサプライチェーン,サプライチェーン・バリューチェーン,サプライチェーン
事業マネジメント,サステナブルサプライチェーン,サプライチェーン・バリューチェーン,サプライチェーン上の
事業マネジメント,サステナブルサプライチェーン,サプライチェーン・バリューチェーン,サプライチェーンの構築
事業マネジメント,サステナブルサプライチェーン,サプライチェーン・バリューチェーン,バリューチェーン
事業マネジメント,サステナブルサプライチェーン,サプライチェーン・バリューチェーン,TQM
事業マネジメント,サステナブルサプライチェーン,サプライチェーンマネジメント,サプライチェーンの最適化
事業マネジメント,サステナブルサプライチェーン,サプライチェーンマネジメント,サプライチェーンの見直し
事業マネジメント,サステナブルサプライチェーン,サプライチェーンマネジメント,サプライチェーンマネジメント
事業マネジメント,サステナブルサプライチェーン,サプライチェーンマネジメント,サプライチェーン・マネジメント
事業マネジメント,サステナブルサプライチェーン,サプライチェーンマネジメント,SCM
事業マネジメント,サステナブルサプライチェーン,サステナブル調達,サプライチェーンCSR
事業マネジメント,サステナブルサプライチェーン,サステナブル調達,サプライチェーン基本方針
事業マネジメント,サステナブルサプライチェーン,サステナブル調達,サプライチェーン委員会
事業マネジメント,サステナブルサプライチェーン,サステナブル調達,サステナブル調達委員会
事業マネジメント,サステナブルサプライチェーン,サステナブル調達,CSR調達
事業マネジメント,サステナブルサプライチェーン,サステナブル調達,CSR基本方針
事業マネジメント,サステナブルサプライチェーン,サステナブル調達,CSRガイドライン
事業マネジメント,サステナブルサプライチェーン,サステナブル調達,サステナブル調達
事業マネジメント,サステナブルサプライチェーン,サステナブル調達,サステナブル調達方針
事業マネジメント,サステナブルサプライチェーン,サステナブル調達,サステナブル調達の方針
事業マネジメント,サステナブルサプライチェーン,サステナブル調達,サステナブル調達ガイドライン
事業マネジメント,サステナブルサプライチェーン,サステナブル調達,NDPE
事業マネジメント,サステナブルサプライチェーン,サステナブル調達,持続可能な調達比率
事業マネジメント,サステナブルサプライチェーン,サステナブル調達,グリーン調達
事業マネジメント,サステナブルサプライチェーン,サステナブル調達,サプライヤー行動規範
事業マネジメント,サステナブルサプライチェーン,サステナブル調達,グリーバンスメカニズム
事業マネジメント,サステナブルサプライチェーン,サステナブル調達,ASSC
事業マネジメント,サステナブルサプライチェーン,サステナブル調達,サプライヤーに対
事業マネジメント,サステナブルサプライチェーン,サステナブル調達,RBA
事業マネジメント,サステナブルサプライチェーン,サステナブル調達,サプライチェーン上の環境負荷
事業マネジメント,サステナブルサプライチェーン,サステナブル調達,サプライチェーン上の環境対策
事業マネジメント,サステナブルサプライチェーン,サステナブル調達,サプライチェーン上のサステナビリティ
事業マネジメント,サステナブルサプライチェーン,サステナブル調達,児童労働
事業マネジメント,サステナブルサプライチェーン,サステナブル調達,児童労働の撤廃
事業マネジメント,サステナブルサプライチェーン,サステナブル調達,紛争鉱物
事業マネジメント,情報管理,情報セキュリティ管理,セキュリティ
事業マネジメント,情報管理,情報セキュリティ管理,情報セキュリティ
事業マネジメント,情報管理,情報セキュリティ管理,情報セキュリティ管理
事業マネジメント,情報管理,情報セキュリティ管理,情報セキュリティ管理体制
事業マネジメント,情報管理,情報セキュリティ管理,情報セキュリティ管理委員会
事業マネジメント,情報管理,情報セキュリティ管理,セキュリティリスク
事業マネジメント,情報管理,情報セキュリティ管理,個人情報保護
事業マネジメント,情報管理,情報システム,ITシステム
事業マネジメント,情報管理,情報システム,情報システム
顧客価値創造・関係性管理,"顧客ニーズ
(顧客目線、顧客中心)","顧客ニーズ
(顧客目線、顧客中心)",お客さま
顧客価値創造・関係性管理,"顧客ニーズ
(顧客目線、顧客中心)","顧客ニーズ
(顧客目線、顧客中心)",お客さま起点
顧客価値創造・関係性管理,"顧客ニーズ
(顧客目線、顧客中心)","顧客ニーズ
(顧客目線、顧客中心)",お客さま視点
顧客価値創造・関係性管理,"顧客ニーズ
(顧客目線、顧客中心)","顧客ニーズ
(顧客目線、顧客中心)",お客さま志向
顧客価値創造・関係性管理,"顧客ニーズ
(顧客目線、顧客中心)","顧客ニーズ
(顧客目線、顧客中心)",お客さまニーズ
顧客価値創造・関係性管理,"顧客ニーズ
(顧客目線、顧客中心)","顧客ニーズ
(顧客目線、顧客中心)",お客さまのニーズ
顧客価値創造・関係性管理,"顧客ニーズ
(顧客目線、顧客中心)","顧客ニーズ
(顧客目線、顧客中心)",お客様
顧客価値創造・関係性管理,"顧客ニーズ
(顧客目線、顧客中心)","顧客ニーズ
(顧客目線、顧客中心)",お客様起点
顧客価値創造・関係性管理,"顧客ニーズ
(顧客目線、顧客中心)","顧客ニーズ
(顧客目線、顧客中心)",お客様志向
顧客価値創造・関係性管理,"顧客ニーズ
(顧客目線、顧客中心)","顧客ニーズ
(顧客目線、顧客中心)",お客様ニーズ
顧客価値創造・関係性管理,"顧客ニーズ
(顧客目線、顧客中心)","顧客ニーズ
(顧客目線、顧客中心)",お客様のニーズ
顧客価値創造・関係性管理,"顧客ニーズ
(顧客目線、顧客中心)","顧客ニーズ
(顧客目線、顧客中心)",困りごと
顧客価値創造・関係性管理,"顧客ニーズ
(顧客目線、顧客中心)","顧客ニーズ
(顧客目線、顧客中心)",顧客
顧客価値創造・関係性管理,"顧客ニーズ
(顧客目線、顧客中心)","顧客ニーズ
(顧客目線、顧客中心)",顧客や生活者
顧客価値創造・関係性管理,"顧客ニーズ
(顧客目線、顧客中心)","顧客ニーズ
(顧客目線、顧客中心)",顧客・生活者
顧客価値創造・関係性管理,"顧客ニーズ
(顧客目線、顧客中心)","顧客ニーズ
(顧客目線、顧客中心)",顧客基盤
顧客価値創造・関係性管理,"顧客ニーズ
(顧客目線、顧客中心)","顧客ニーズ
(顧客目線、顧客中心)",顧客起点
顧客価値創造・関係性管理,"顧客ニーズ
(顧客目線、顧客中心)","顧客ニーズ
(顧客目線、顧客中心)",顧客志向
顧客価値創造・関係性管理,"顧客ニーズ
(顧客目線、顧客中心)","顧客ニーズ
(顧客目線、顧客中心)",顧客ニーズ
顧客価値創造・関係性管理,"顧客ニーズ
(顧客目線、顧客中心)","顧客ニーズ
(顧客目線、顧客中心)",顧客のニーズ
顧客価値創造・関係性管理,"顧客ニーズ
(顧客目線、顧客中心)","顧客ニーズ
(顧客目線、顧客中心)",患者様
顧客価値創造・関係性管理,"顧客ニーズ
(顧客目線、顧客中心)","顧客ニーズ
(顧客目線、顧客中心)",患者様とそのご家族
顧客価値創造・関係性管理,"顧客ニーズ
(顧客目線、顧客中心)","顧客ニーズ
(顧客目線、顧客中心)",患者様と生活者
顧客価値創造・関係性管理,"顧客ニーズ
(顧客目線、顧客中心)","顧客ニーズ
(顧客目線、顧客中心)",患者様起点
顧客価値創造・関係性管理,"顧客ニーズ
(顧客目線、顧客中心)","顧客ニーズ
(顧客目線、顧客中心)",患者様の目線
顧客価値創造・関係性管理,"顧客ニーズ
(顧客目線、顧客中心)","顧客ニーズ
(顧客目線、顧客中心)",患者様ニーズ
顧客価値創造・関係性管理,"顧客ニーズ
(顧客目線、顧客中心)","顧客ニーズ
(顧客目線、顧客中心)",患者様のニーズ
顧客価値創造・関係性管理,顧客価値,"顧客価値
（顧客満足、顧客への貢献含む）",顧客価値
顧客価値創造・関係性管理,顧客価値,"顧客価値
（顧客満足、顧客への貢献含む）",顧客の価値
顧客価値創造・関係性管理,顧客価値,"顧客価値
（顧客満足、顧客への貢献含む）",顧客提供価値
顧客価値創造・関係性管理,顧客価値,"顧客価値
（顧客満足、顧客への貢献含む）",顧客への提供価値
顧客価値創造・関係性管理,顧客価値,"顧客価値
（顧客満足、顧客への貢献含む）",消費者提供価値
顧客価値創造・関係性管理,顧客価値,"顧客価値
（顧客満足、顧客への貢献含む）",消費者への提供価値
顧客価値創造・関係性管理,顧客価値,"顧客価値
（顧客満足、顧客への貢献含む）",お客さま価値
顧客価値創造・関係性管理,顧客価値,"顧客価値
（顧客満足、顧客への貢献含む）",お客さまの価値
顧客価値創造・関係性管理,顧客価値,"顧客価値
（顧客満足、顧客への貢献含む）",お客様価値
顧客価値創造・関係性管理,顧客価値,"顧客価値
（顧客満足、顧客への貢献含む）",お客様の価値
顧客価値創造・関係性管理,顧客価値,"顧客価値
（顧客満足、顧客への貢献含む）",顧客価値向上
顧客価値創造・関係性管理,顧客価値,"顧客価値
（顧客満足、顧客への貢献含む）",顧客価値の向上
顧客価値創造・関係性管理,顧客価値,"顧客価値
（顧客満足、顧客への貢献含む）",お客さま価値向上
顧客価値創造・関係性管理,顧客価値,"顧客価値
（顧客満足、顧客への貢献含む）",お客さま価値の向上
顧客価値創造・関係性管理,顧客価値,"顧客価値
（顧客満足、顧客への貢献含む）",お客様価値向上
顧客価値創造・関係性管理,顧客価値,"顧客価値
（顧客満足、顧客への貢献含む）",お客様の価値の向上
顧客価値創造・関係性管理,顧客価値,"顧客価値
（顧客満足、顧客への貢献含む）",顧客価値創出
顧客価値創造・関係性管理,顧客価値,"顧客価値
（顧客満足、顧客への貢献含む）",顧客価値の創出
顧客価値創造・関係性管理,顧客価値,"顧客価値
（顧客満足、顧客への貢献含む）",顧客提供価値創出
顧客価値創造・関係性管理,顧客価値,"顧客価値
（顧客満足、顧客への貢献含む）",顧客への提供価値の創出
顧客価値創造・関係性管理,顧客価値,"顧客価値
（顧客満足、顧客への貢献含む）",消費者提供価値創出
顧客価値創造・関係性管理,顧客価値,"顧客価値
（顧客満足、顧客への貢献含む）",消費者への提供価値の創出
顧客価値創造・関係性管理,顧客価値,"顧客価値
（顧客満足、顧客への貢献含む）",お客さま価値創出
顧客価値創造・関係性管理,顧客価値,"顧客価値
（顧客満足、顧客への貢献含む）",お客さま価値の創出
顧客価値創造・関係性管理,顧客価値,"顧客価値
（顧客満足、顧客への貢献含む）",お客様価値創出
顧客価値創造・関係性管理,顧客価値,"顧客価値
（顧客満足、顧客への貢献含む）",お客様の価値の創出
顧客価値創造・関係性管理,顧客価値,"顧客価値
（顧客満足、顧客への貢献含む）",顧客満足
顧客価値創造・関係性管理,顧客価値,"顧客価値
（顧客満足、顧客への貢献含む）",顧客の満足
顧客価値創造・関係性管理,顧客価値,"顧客価値
（顧客満足、顧客への貢献含む）",お客さま満足
顧客価値創造・関係性管理,顧客価値,"顧客価値
（顧客満足、顧客への貢献含む）",お客さまの満足
顧客価値創造・関係性管理,顧客価値,"顧客価値
（顧客満足、顧客への貢献含む）",お客様満足
顧客価値創造・関係性管理,顧客価値,"顧客価値
（顧客満足、顧客への貢献含む）",お客様の満足
顧客価値創造・関係性管理,顧客価値,"顧客価値
（顧客満足、顧客への貢献含む）",患者様満足
顧客価値創造・関係性管理,顧客価値,"顧客価値
（顧客満足、顧客への貢献含む）",患者様の満足
顧客価値創造・関係性管理,顧客価値,"顧客価値
（顧客満足、顧客への貢献含む）",顧客貢献
顧客価値創造・関係性管理,顧客価値,"顧客価値
（顧客満足、顧客への貢献含む）",お客さま貢献
顧客価値創造・関係性管理,顧客価値,"顧客価値
（顧客満足、顧客への貢献含む）",お客様貢献
顧客価値創造・関係性管理,顧客価値,"顧客価値
（顧客満足、顧客への貢献含む）",顧客への貢献
顧客価値創造・関係性管理,顧客価値,"顧客価値
（顧客満足、顧客への貢献含む）",お客さまへの貢献
顧客価値創造・関係性管理,顧客価値,"顧客価値
（顧客満足、顧客への貢献含む）",お客様への貢献
顧客価値創造・関係性管理,顧客価値,"顧客価値
（顧客満足、顧客への貢献含む）",患者様貢献
顧客価値創造・関係性管理,顧客価値,"顧客価値
（顧客満足、顧客への貢献含む）",患者様への貢献
顧客価値創造・関係性管理,顧客価値,"顧客と共に
(顧客との共創)",顧客との共創
顧客価値創造・関係性管理,顧客価値,"顧客と共に
(顧客との共創)",お客さまとの共創
顧客価値創造・関係性管理,顧客価値,"顧客と共に
(顧客との共創)",お客様との共創
顧客価値創造・関係性管理,顧客価値,"顧客と共に
(顧客との共創)",顧客と共に
顧客価値創造・関係性管理,顧客価値,"顧客と共に
(顧客との共創)",顧客とともに
顧客価値創造・関係性管理,顧客価値,"顧客と共に
(顧客との共創)",顧客と一体となって
顧客価値創造・関係性管理,顧客価値,"顧客と共に
(顧客との共創)",お客さまと共に
顧客価値創造・関係性管理,顧客価値,"顧客と共に
(顧客との共創)",お客さまとともに
顧客価値創造・関係性管理,顧客価値,"顧客と共に
(顧客との共創)",お客さまと一体となって
顧客価値創造・関係性管理,顧客価値,"顧客と共に
(顧客との共創)",お客様と共に
顧客価値創造・関係性管理,顧客価値,"顧客と共に
(顧客との共創)",お客様とともに
顧客価値創造・関係性管理,顧客価値,"顧客と共に
(顧客との共創)",お客様と一体となって
顧客価値創造・関係性管理,顧客価値,"顧客と共に
(顧客との共創)",患者様とともに
顧客価値創造・関係性管理,顧客価値,"顧客と共に
(顧客との共創)",患者様と共に
顧客価値創造・関係性管理,顧客価値,顧客の信頼・エンゲージメント,顧客の信頼
顧客価値創造・関係性管理,顧客価値,顧客の信頼・エンゲージメント,お客さまの信頼
顧客価値創造・関係性管理,顧客価値,顧客の信頼・エンゲージメント,お客様の信頼
顧客価値創造・関係性管理,顧客価値,顧客の信頼・エンゲージメント,顧客との信頼関係
顧客価値創造・関係性管理,顧客価値,顧客の信頼・エンゲージメント,お客さまとの信頼関係
顧客価値創造・関係性管理,顧客価値,顧客の信頼・エンゲージメント,お客様との信頼関係
顧客価値創造・関係性管理,顧客価値,顧客の信頼・エンゲージメント,顧客とのエンゲージメント
顧客価値創造・関係性管理,顧客価値,顧客の信頼・エンゲージメント,顧客エンゲージメント
顧客価値創造・関係性管理,顧客価値,顧客の信頼・エンゲージメント,お客さまとのエンゲージメント
顧客価値創造・関係性管理,顧客価値,顧客の信頼・エンゲージメント,お客さまエンゲージメント
顧客価値創造・関係性管理,顧客価値,顧客の信頼・エンゲージメント,お客様とのエンゲージメント
顧客価値創造・関係性管理,顧客価値,顧客の信頼・エンゲージメント,お客様エンゲージメント
顧客価値創造・関係性管理,顧客価値,顧客との交流,顧客との交流
顧客価値創造・関係性管理,顧客価値,顧客との交流,お客さまとの交流
顧客価値創造・関係性管理,顧客価値,顧客との交流,お客様との交流
顧客価値創造・関係性管理,顧客価値,顧客との交流,患者様との交流
顧客価値創造・関係性管理,顧客価値,顧客との対話,顧客との対話
顧客価値創造・関係性管理,顧客価値,顧客との対話,お客さまとの対話
顧客価値創造・関係性管理,顧客価値,顧客との対話,お客様との対話
顧客価値創造・関係性管理,顧客価値,顧客との対話,患者様との対話
顧客価値創造・関係性管理,顧客価値,顧客とのコミュニケーション,顧客とのコミュニケーション
顧客価値創造・関係性管理,顧客価値,顧客とのコミュニケーション,お客さまとのコミュニケーション
顧客価値創造・関係性管理,顧客価値,顧客とのコミュニケーション,お客様とのコミュニケーション
顧客価値創造・関係性管理,顧客価値,顧客とのコミュニケーション,患者様とのコミュニケーション
顧客価値創造・関係性管理,顧客価値,顧客の声,顧客の声
顧客価値創造・関係性管理,顧客価値,顧客の声,お客さまの声
顧客価値創造・関係性管理,顧客価値,顧客の声,お客様の声
顧客価値創造・関係性管理,顧客価値,顧客の声,患者様の声
顧客価値創造・関係性管理,顧客関係,供給責任,供給責任
顧客価値創造・関係性管理,顧客関係,供給責任,安定供給
顧客価値創造・関係性管理,顧客関係,供給責任,安定精算・供給
顧客価値創造・関係性管理,顧客関係,供給責任,安定した品質
顧客価値創造・関係性管理,顧客関係,供給責任,ファン
顧客価値創造・関係性管理,顧客関係,供給責任,需要創造
顧客価値創造・関係性管理,顧客関係,供給責任,需要創造力
顧客価値創造・関係性管理,顧客関係,顧客対応,コールセンター
顧客価値創造・関係性管理,顧客関係,顧客対応,カスタマーサポート
顧客価値創造・関係性管理,顧客関係,顧客対応,お客様相談
顧客価値創造・関係性管理,顧客関係,顧客対応,クレーム
顧客価値創造・関係性管理,顧客関係,顧客対応,リコール
顧客価値創造・関係性管理,顧客関係,顧客対応,流通回収
顧客価値創造・関係性管理,顧客関係,品質保証・管理,品質
顧客価値創造・関係性管理,顧客関係,品質保証・管理,品質保証
顧客価値創造・関係性管理,顧客関係,品質保証・管理,品質保証体制
顧客価値創造・関係性管理,顧客関係,品質保証・管理,品質保証システム
顧客価値創造・関係性管理,顧客関係,品質保証・管理,品質保証活動
顧客価値創造・関係性管理,顧客関係,品質保証・管理,品質保証を強化
顧客価値創造・関係性管理,顧客関係,品質保証・管理,品質保証体制の強化
顧客価値創造・関係性管理,顧客関係,品質保証・管理,品質保証委員会
顧客価値創造・関係性管理,顧客関係,品質保証・管理,品質保証力
顧客価値創造・関係性管理,顧客関係,品質保証・管理,品質管理
顧客価値創造・関係性管理,顧客関係,品質保証・管理,品質レベル
顧客価値創造・関係性管理,顧客関係,品質保証・管理,品質マネジメント
顧客価値創造・関係性管理,顧客関係,品質保証・管理,QMS
顧客価値創造・関係性管理,顧客関係,品質保証・管理,品質問題
顧客価値創造・関係性管理,顧客関係,品質保証・管理,商品開発
顧客価値創造・関係性管理,顧客関係,品質保証・管理,安全
顧客価値創造・関係性管理,顧客関係,品質保証・管理,安全衛生
顧客価値創造・関係性管理,顧客関係,製品安全,製品安全
顧客価値創造・関係性管理,顧客関係,製品安全,製品の安全
顧客価値創造・関係性管理,顧客関係,製品安全,製品安全リスク
顧客価値創造・関係性管理,顧客関係,製品安全,製品安全アセスメント
顧客価値創造・関係性管理,顧客関係,製品安全,製品安全アセスメント実施率
顧客価値創造・関係性管理,顧客関係,製品安全,食品安全
顧客価値創造・関係性管理,顧客関係,製品安全,品質保証
顧客価値創造・関係性管理,顧客関係,製品安全,品質管理
顧客価値創造・関係性管理,顧客関係,製品安全,品質インスペクション
顧客価値創造・関係性管理,顧客関係,製品安全,安全規格
顧客価値創造・関係性管理,顧客関係,製品安全,安全関連の法規制
顧客価値創造・関係性管理,顧客関係,製品安全,安全で安心
顧客価値創造・関係性管理,顧客関係,製品安全,安全・安心
顧客価値創造・関係性管理,顧客関係,製品安全,安全・信頼
顧客価値創造・関係性管理,顧客関係,製品安全,安全・品質
顧客価値創造・関係性管理,顧客関係,製品安全,安全品質
顧客価値創造・関係性管理,顧客関係,製品安全,安全・信頼
顧客価値創造・関係性管理,顧客関係,製品安全,安全で快適
顧客価値創造・関係性管理,顧客関係,製品安全,FSSC22000
顧客価値創造・関係性管理,顧客関係,製品安全,ISO22000
顧客価値創造・関係性管理,顧客関係,製品安全,品質安全マネジメントシステム
顧客価値創造・関係性管理,顧客関係,製品安全,SQF
顧客価値創造・関係性管理,顧客関係,製品安全,GFSI
顧客価値創造・関係性管理,顧客関係,製品安全,安全性
顧客価値創造・関係性管理,顧客関係,製品安全,安全性を担保
顧客価値創造・関係性管理,顧客関係,製品安全,安全性担保
顧客価値創造・関係性管理,顧客関係,製品安全,安全性確保
顧客価値創造・関係性管理,顧客関係,製品安全,安全性の確保
顧客価値創造・関係性管理,顧客関係,製品安全,安全性を確保
顧客価値創造・関係性管理,顧客関係,製品安全,安全性を実現
顧客価値創造・関係性管理,顧客関係,製品安全,安全性の向上
顧客価値創造・関係性管理,顧客関係,製品安全,安全性向上
顧客価値創造・関係性管理,顧客関係,製品安全,安全な商品
顧客価値創造・関係性管理,顧客関係,製品安全,安全保障
社会,人権の尊重,人権の尊重,人権
社会,人権の尊重,人権の尊重,人権方針
社会,人権の尊重,人権の尊重,人権リスク
社会,人権の尊重,人権の尊重,人権リスク分析
社会,人権の尊重,人権の尊重,人権委員会
社会,人権の尊重,人権の尊重,国際人権章典
社会,人権の尊重,人権の尊重,人権規範
社会,人権の尊重,人権の尊重,人権ガイドライン
社会,人権の尊重,人権の尊重,人権尊重
社会,人権の尊重,人権の尊重,人権の尊重
社会,人権の尊重,人権の尊重,人権を尊重
社会,人権の尊重,人権の尊重,人権が尊重
社会,人権の尊重,人権の尊重,人権教育
社会,人権の尊重,人権の尊重,人権研修
社会,人権の尊重,人権の尊重,人権への取り組み
社会,人権の尊重,人権の尊重,人権侵害
社会,人権の尊重,人権の尊重,人権問題
社会,人権の尊重,人権の尊重,人権デューデリジェンス
社会,人権の尊重,人権の尊重,ビジネスと人権に関する指導原則
社会,人権の尊重,人権の尊重,労働慣行
社会,内部通報・ハラスメント,内部通報・ハラスメント,内部通報
社会,内部通報・ハラスメント,内部通報・ハラスメント,内部通報制度
社会,内部通報・ハラスメント,内部通報・ハラスメント,内部通報窓口
社会,内部通報・ハラスメント,内部通報・ハラスメント,ホットライン
社会,内部通報・ハラスメント,内部通報・ハラスメント,コンプライアンスホットライン
社会,内部通報・ハラスメント,内部通報・ハラスメント,ハラスメント
社会,アニマルウェルフェア,アニマルウェルフェア,アニマルウェルフェア
人財活躍,自律・自発的活動,従業員,社員
人財活躍,自律・自発的活動,従業員,従業員
人財活躍,自律・自発的活動,バリュー・価値観,価値観
人財活躍,自律・自発的活動,バリュー・価値観,バリュー
人財活躍,自律・自発的活動,バリュー・価値観,Values
人財活躍,自律・自発的活動,バリュー・価値観,バリューチェーン
人財活躍,自律・自発的活動,バリュー・価値観,価値感
人財活躍,自律・自発的活動,バリュー・価値観,暗黙知
人財活躍,自律・自発的活動,自律的価値観・バリュー,自律
人財活躍,自律・自発的活動,自律的価値観・バリュー,自律社会
人財活躍,自律・自発的活動,自律的価値観・バリュー,自律的
人財活躍,自律・自発的活動,自律的価値観・バリュー,自律型人材
人財活躍,自律・自発的活動,自律的価値観・バリュー,自分たち
人財活躍,自律・自発的活動,自律的価値観・バリュー,自分たちの仕事
人財活躍,自律・自発的活動,自律的価値観・バリュー,自分たちの手で
人財活躍,自律・自発的活動,自律的価値観・バリュー,自分
人財活躍,自律・自発的活動,自律的価値観・バリュー,自分ごと化
人財活躍,自律・自発的活動,自律的価値観・バリュー,自分が成長できる
人財活躍,自律・自発的活動,自律的価値観・バリュー,自ら
人財活躍,自律・自発的活動,自律的価値観・バリュー,人間力
人財活躍,自律・自発的活動,自律的価値観・バリュー,人間尊重
人財活躍,自律・自発的活動,自律的価値観・バリュー,人間性の尊重
人財活躍,自律・自発的活動,社員の自分事化・自律自発的活動,TOGA
人財活躍,自律・自発的活動,社員の自分事化・自律自発的活動,個人目標発表会
人財活躍,自律・自発的活動,社員の自分事化・自律自発的活動,CSVアワード
人財活躍,自律・自発的活動,社員の自分事化・自律自発的活動,アクセラレータプログラム
人財活躍,自律・自発的活動,社員の自分事化・自律自発的活動,起業家育成
人財活躍,自律・自発的活動,社員の自分事化・自律自発的活動,アワード
人財活躍,自律・自発的活動,社員の自分事化・自律自発的活動,アウォード
人財活躍,自律・自発的活動,社員の自分事化・自律自発的活動,表彰
人財活躍,自律・自発的活動,社員の自分事化・自律自発的活動,表彰する
人財活躍,自律・自発的活動,社員の自分事化・自律自発的活動,表彰制度
人財活躍,自律・自発的活動,社員の自分事化・自律自発的活動,自律的に行動
人財活躍,自律・自発的活動,社員エンゲージメント,エンゲージメント
人財活躍,自律・自発的活動,社員エンゲージメント,社員のエンゲージメント
人財活躍,自律・自発的活動,社員エンゲージメント,社員エンゲージメント
人財活躍,自律・自発的活動,社員エンゲージメント,従業員のエンゲージメント
人財活躍,自律・自発的活動,社員エンゲージメント,従業員エンゲージメント
人財活躍,自律・自発的活動,社員エンゲージメント,エンゲージメントサーベイ
人財活躍,自律・自発的活動,社員エンゲージメント,エンゲージメント調査
人財活躍,自律・自発的活動,社員エンゲージメント,エンゲージメントスコア
人財活躍,自律・自発的活動,社員エンゲージメント,持続可能なエンゲージメント指標
人財活躍,自律・自発的活動,社員エンゲージメント,VOICE
人財活躍,自律・自発的活動,社員エンゲージメント,sustainability engagement index
人財活躍,自律・自発的活動,マネジメントと社員の対話,対話
人財活躍,自律・自発的活動,マネジメントと社員の対話,ダイアログ
人財活躍,自律・自発的活動,マネジメントと社員の対話,社員との対話
人財活躍,自律・自発的活動,マネジメントと社員の対話,従業員との対話
人財活躍,自律・自発的活動,マネジメントと社員の対話,従業員の対話
人財活躍,自律・自発的活動,マネジメントと社員の対話,直接対話
人財活躍,自律・自発的活動,マネジメントと社員の対話,CEOとの対話
人財活躍,自律・自発的活動,マネジメントと社員の対話,本部長との対話
人財活躍,自律・自発的活動,マネジメントと社員の対話,ミッショナリーダイアログ
人財活躍,自律・自発的活動,社員の声,社員の声
人財活躍,自律・自発的活動,社員の声,従業員の声
人財活躍,自律・自発的活動,社員の声,フリーコメント
人財活躍,自律・自発的活動,分権・現地化,分権
人財活躍,自律・自発的活動,分権・現地化,現地化
人財活躍,自律・自発的活動,分権・現地化,現地化比率
人財活躍,自律・自発的活動,分権・現地化,海外重要ポジションに占める現地化比率
人財活躍,ダイバーシティ＆インクルージョン,ダイバーシティ＆インクルージョン,多様性
人財活躍,ダイバーシティ＆インクルージョン,ダイバーシティ＆インクルージョン,多様性の尊重
人財活躍,ダイバーシティ＆インクルージョン,ダイバーシティ＆インクルージョン,ダイバーシティ
人財活躍,ダイバーシティ＆インクルージョン,ダイバーシティ＆インクルージョン,ダイバーシティ推進
人財活躍,ダイバーシティ＆インクルージョン,ダイバーシティ＆インクルージョン,インクルージョン
人財活躍,ダイバーシティ＆インクルージョン,ダイバーシティ＆インクルージョン,ダイバーシティ＆インクルージョン
人財活躍,ダイバーシティ＆インクルージョン,女性活躍,女性活躍
人財活躍,ダイバーシティ＆インクルージョン,女性活躍,女性の活躍
人財活躍,ダイバーシティ＆インクルージョン,女性活躍,女性活躍推進
人財活躍,ダイバーシティ＆インクルージョン,女性活躍,女性の活躍推進
人財活躍,ダイバーシティ＆インクルージョン,女性活躍,女性管理職比率
人財活躍,ダイバーシティ＆インクルージョン,障がい者雇用,障がい者
人財活躍,ダイバーシティ＆インクルージョン,障がい者雇用,障がい者雇用
人財活躍,ダイバーシティ＆インクルージョン,障がい者雇用,障がい者の雇用
人財活躍,ダイバーシティ＆インクルージョン,障がい者雇用,障がい者の就労機会
人財活躍,ダイバーシティ＆インクルージョン,障がい者雇用,障がい者の活躍
人財活躍,ダイバーシティ＆インクルージョン,障がい者雇用,障がい者の活躍推進
人財活躍,ダイバーシティ＆インクルージョン,障がい者雇用,障がい者の雇用率
人財活躍,ダイバーシティ＆インクルージョン,障がい者雇用,障がい者雇用率
人財活躍,労働環境,労働安全衛生,安全
人財活躍,労働環境,労働安全衛生,安全衛生
人財活躍,労働環境,労働安全衛生,安全衛生管理
人財活躍,労働環境,労働安全衛生,安全衛生マネジメント
人財活躍,労働環境,健康経営・ワークライフバランス重視,働き方
人財活躍,労働環境,健康経営・ワークライフバランス重視,働き方改革
人財活躍,労働環境,健康経営・ワークライフバランス重視,柔軟な働き方
人財活躍,労働環境,健康経営・ワークライフバランス重視,健康経営
人財活躍,労働環境,健康経営・ワークライフバランス重視,健康経営宣言
人財活躍,労働環境,健康経営・ワークライフバランス重視,ワークスタイル
人財活躍,労働環境,健康経営・ワークライフバランス重視,ワークライフバランス
人財活躍,労働環境,健康経営・ワークライフバランス重視,ワークライフ・バランス
人財活躍,労働環境,健康経営・ワークライフバランス重視,ワーク・ライフ・バランス
人財活躍,労働環境,健康経営・ワークライフバランス重視,ワーク・ライフバランス
人事労務,人事・人材マネジメント,人材,人材
人事労務,人事・人材マネジメント,人材,人財
人事労務,人事・人材マネジメント,人材戦略,人材戦略
人事労務,人事・人材マネジメント,人材戦略,人財戦略
人事労務,人事・人材マネジメント,人材マネジメント,人財と組織のマネジメント
人事労務,人事・人材マネジメント,人材マネジメント,人材マネジメント
人事労務,人事・人材マネジメント,人材マネジメント,人財マネジメント
人事労務,人事・人材マネジメント,人材マネジメント,人材マネジメント変革
人事労務,人事・人材マネジメント,人材マネジメント,人材マネジメントの変革
人事労務,人事・人材マネジメント,人材マネジメント,人財マネジメント変革
人事労務,人事・人材マネジメント,人材マネジメント,人財マネジメントの変革
人事労務,人事・人材マネジメント,人材マネジメント,タレントマネジメント
人事労務,人事・人材マネジメント,人材維持,人財アトラクション
人事労務,人事・人材マネジメント,人材維持,リテンション
人事労務,人事・人材マネジメント,人材維持,役員のリテンション
人事労務,人事・人材マネジメント,人材維持,取締役のリテンション
人事労務,人事・人材マネジメント,人材育成・開発,人材育成
人事労務,人事・人材マネジメント,人材育成・開発,人財育成
人事労務,人事・人材マネジメント,人材育成・開発,人材開発
人事労務,人事・人材マネジメント,人材育成・開発,人財開発
人事労務,人事・人材マネジメント,人材育成・開発,人材の成長
人事労務,人事・人材マネジメント,人材育成・開発,人財の成長
人事労務,人事・人材マネジメント,人材育成・開発,従業員の成長
人事労務,人事・人材マネジメント,人材育成・開発,年間教育研修費用
人事労務,人事・人材マネジメント,人材育成・開発,年間平均研修時間
人事労務,人事・人材マネジメント,人材育成・開発,リーダー
人事労務,人事・人材マネジメント,人材育成・開発,リーダーの育成
人事労務,人事・人材マネジメント,人材育成・開発,リーダーの育成と登用
人事労務,人事・人材マネジメント,人材育成・開発,コアポジション
人事労務,人事・人材マネジメント,人材育成・開発,サクセッションプラン
人事労務,人事・人材マネジメント,人材育成・開発,コア人財
人事労務,人事・人材マネジメント,人材育成・開発,登用
人事労務,人事・人材マネジメント,人事情報管理・システム,人事情報
人事労務,人事・人材マネジメント,人事情報管理・システム,人事情報マネジメント
人事労務,人事・人材マネジメント,人事情報管理・システム,人事情報マネジメントシステム
人事労務,人事・人材マネジメント,人事情報管理・システム,人事情報管理
環境,環境マネジメント,環境マネジメント,環境マネジメント
環境,環境マネジメント,環境マネジメント,環境マネジメントシステム
環境,環境マネジメント,環境マネジメント,環境ビジョン
環境,環境マネジメント,環境マネジメント,環境目標
環境,環境マネジメント,環境マネジメント,環境方針
環境,環境マネジメント,環境負荷削減・提言,環境負荷
環境,環境マネジメント,環境負荷削減・提言,環境負荷削減
環境,環境マネジメント,環境負荷削減・提言,環境負荷の削減
環境,環境マネジメント,環境負荷削減・提言,環境負荷を削減
環境,環境マネジメント,環境負荷削減・提言,環境負荷低減
環境,環境マネジメント,環境負荷削減・提言,環境負荷を低減
環境,環境マネジメント,環境負荷削減・提言,環境負荷の低減
環境,生物多様性保全・環境保全,生物多様性保全,TNFD
環境,生物多様性保全・環境保全,生物多様性保全,生物多様性
環境,生物多様性保全・環境保全,生物多様性保全,生物多様性保全
環境,生物多様性保全・環境保全,生物多様性保全,生物多様性の保全
環境,生物多様性保全・環境保全,生物多様性保全,生物多様性を保全
環境,生物多様性保全・環境保全,環境保全,森林破壊
環境,生物多様性保全・環境保全,環境保全,森林破壊の抑制
環境,生物多様性保全・環境保全,環境保全,植林
環境,生物多様性保全・環境保全,環境保全,海洋
環境,生物多様性保全・環境保全,環境保全,地球環境
環境,気候変動,気候変動,TCFD
環境,気候変動,気候変動,CDP
環境,気候変動,気候変動,CDP(Climate Change)
環境,気候変動,気候変動,CDP(Water Security)
環境,気候変動,気候変動,CDP投資家質問書（森林、気候変動、水）
環境,気候変動,気候変動,CDPサプライヤー・エンゲージメント評価
環境,気候変動,気候変動,S&P/JPXカーボン・エフィェント指数
環境,気候変動,気候変動,カーボンゼロ
環境,気候変動,気候変動,カーボンニュートラル
環境,気候変動,気候変動,SBT
環境,気候変動,気候変動,RE100
環境,気候変動,気候変動,温室効果ガス
環境,気候変動,気候変動,温室効果ガス削減
環境,気候変動,気候変動,温室効果ガス排出量
環境,気候変動,気候変動,温室効果ガス排出量の削減
環境,気候変動,気候変動,温室効果ガス排出量ゼロ
環境,気候変動,気候変動,環境貢献量
環境,気候変動,気候変動,売上高CO2生産性
環境,気候変動,気候変動,メタン
環境,3R・廃棄物・プラ,3R,3R
環境,3R・廃棄物・プラ,3R,リサイクル
環境,3R・廃棄物・プラ,3R,リユース
環境,3R・廃棄物・プラ,3R,リデュース
環境,3R・廃棄物・プラ,廃棄物,廃棄物
環境,3R・廃棄物・プラ,廃棄物,廃棄物削減
環境,3R・廃棄物・プラ,廃棄物,廃棄物の削減
環境,3R・廃棄物・プラ,廃棄物,廃棄物を削減
環境,3R・廃棄物・プラ,廃棄物,廃棄物排出量
環境,3R・廃棄物・プラ,廃棄物,廃棄物最終処分量
環境,3R・廃棄物・プラ,廃棄物,有害廃棄物
環境,3R・廃棄物・プラ,フードロス,フードロス
環境,3R・廃棄物・プラ,フードロス,フードロス削減
環境,3R・廃棄物・プラ,フードロス,フードロスの削減
環境,3R・廃棄物・プラ,フードロス,フードロス削減率
環境,3R・廃棄物・プラ,フードロス,フードロス低減
環境,3R・廃棄物・プラ,フードロス,フードロス低減の取り組み
環境,3R・廃棄物・プラ,フードロス,フードロスの低減
環境,3R・廃棄物・プラ,フードロス,フードロス発生量
環境,3R・廃棄物・プラ,フードロス,RSPO
環境,3R・廃棄物・プラ,フードロス,JaSPON
環境,3R・廃棄物・プラ,フードロス,Consumer goods forum
環境,3R・廃棄物・プラ,フードロス,WCF
環境,3R・廃棄物・プラ,フードロス,Global Shea Alliance
環境,3R・廃棄物・プラ,フードロス,開発途上国におけるサステナブル・カカオ・プラットフォーム
環境,3R・廃棄物・プラ,フードロス,RTRS
環境,3R・廃棄物・プラ,フードロス,フードロス最終処分量
環境,3R・廃棄物・プラ,プラスチック,プラスチック
環境,3R・廃棄物・プラ,プラスチック,プラスチック使用量
環境,3R・廃棄物・プラ,プラスチック,プラスチックの使用量
環境,3R・廃棄物・プラ,プラスチック,プラスチック廃棄物
環境,3R・廃棄物・プラ,プラスチック,プラスチックごみ
環境,3R・廃棄物・プラ,プラスチック,プラスチック廃棄物削減
環境,3R・廃棄物・プラ,プラスチック,プラスチック廃棄物ゼロ
環境,3R・廃棄物・プラ,プラスチック,プラスチック削減
環境,3R・廃棄物・プラ,プラスチック,プラスチック・リサイクル
環境,3R・廃棄物・プラ,プラスチック,プラスチックリサイクル
環境,3R・廃棄物・プラ,プラスチック,脱プラスチック
環境,3R・廃棄物・プラ,プラスチック,生分解性プラスチック
環境,大気,大気,酸化物
環境,大気,大気,窒素酸化物
環境,大気,大気,硫黄酸化物
環境,大気,大気,煤塵
環境,大気,大気,フロン
環境,大気,大気,モーダルシフト
環境,化学物質,化学物質,化学物質
環境,化学物質,化学物質,化学物質管理
環境,化学物質,化学物質,化学物質削減
環境,化学物質,化学物質,化学物質の適正な管理
環境,化学物質,化学物質,化学物質の使用
環境,化学物質,化学物質,化学物質を含まない
環境,化学物質,化学物質,化学物質の使用量削減
環境,水資源の保全,水資源の保全,水資源
環境,水資源の保全,水資源の保全,水資源保全
環境,水資源の保全,水資源の保全,水資源の保全
環境,水資源の保全,水資源の保全,水資源の枯渇
環境,水資源の保全,水資源の保全,水リスク
環境,水資源の保全,水資源の保全,水使用量
環境,水資源の保全,水資源の保全,水使用量削減
環境,水資源の保全,水資源の保全,水使用量削減率
環境,水資源の保全,水資源の保全,飲料使用水森林涵養率
ステークホルダー対話・コミュニケーション,ステークホルダー全般エンゲージメント,ステークホルダーエンゲージメント(社員・顧客以外),ステークホルダー
ステークホルダー対話・コミュニケーション,ステークホルダー全般エンゲージメント,ステークホルダーエンゲージメント(社員・顧客以外),エンゲージメント
ステークホルダー対話・コミュニケーション,ステークホルダー全般エンゲージメント,ステークホルダーエンゲージメント(社員・顧客以外),ステークホルダーエンゲージメント
ステークホルダー対話・コミュニケーション,ステークホルダー全般エンゲージメント,ステークホルダーエンゲージメント(社員・顧客以外),ステークホルダー・エンゲージメント
ステークホルダー対話・コミュニケーション,ステークホルダー全般エンゲージメント,ステークホルダーの期待,ステークホルダーからの期待
ステークホルダー対話・コミュニケーション,ステークホルダー全般エンゲージメント,ステークホルダーの期待,ステークホルダーの期待
ステークホルダー対話・コミュニケーション,ステークホルダー全般エンゲージメント,ステークホルダーの期待,ステークホルダーの負託
ステークホルダー対話・コミュニケーション,ステークホルダー全般エンゲージメント,ステークホルダーの期待,ステークホルダーからの関心
ステークホルダー対話・コミュニケーション,ステークホルダー全般エンゲージメント,ステークホルダーの期待,ステークホルダー視点
ステークホルダー対話・コミュニケーション,ステークホルダー全般エンゲージメント,ステークホルダーの期待,ステークホルダーの視点
ステークホルダー対話・コミュニケーション,ステークホルダー全般エンゲージメント,ステークホルダーの期待,ステークホルダーの立場
ステークホルダー対話・コミュニケーション,ステークホルダー全般エンゲージメント,ステークホルダーの期待,ステークホルダー目線
ステークホルダー対話・コミュニケーション,ステークホルダー全般エンゲージメント,ステークホルダーとの責任ある対話,ステークホルダーとの対話
ステークホルダー対話・コミュニケーション,ステークホルダー全般エンゲージメント,ステークホルダーとの責任ある対話,ステークホルダーの意見
ステークホルダー対話・コミュニケーション,ステークホルダー全般エンゲージメント,ステークホルダーとの責任ある対話,ステークホルダーの声
ステークホルダー対話・コミュニケーション,ステークホルダー全般エンゲージメント,ステークホルダーとの責任ある対話,ステークホルダーとの意見交換
ステークホルダー対話・コミュニケーション,ステークホルダー全般エンゲージメント,ステークホルダーとの責任ある対話,ステークホルダーのご意見
ステークホルダー対話・コミュニケーション,ステークホルダー全般エンゲージメント,ステークホルダーとの責任ある対話,ステークホルダーの反応
ステークホルダー対話・コミュニケーション,ステークホルダー全般エンゲージメント,ステークホルダーとの責任ある対話,ステークホルダーの評価
ステークホルダー対話・コミュニケーション,ステークホルダー全般エンゲージメント,ステークホルダーとの責任ある対話,責任ある対話
ステークホルダー対話・コミュニケーション,ステークホルダー全般エンゲージメント,ステークホルダーとの協働,ステークホルダーとの協働
ステークホルダー対話・コミュニケーション,ステークホルダー全般エンゲージメント,ステークホルダーとの協働,ステークホルダーとの連携
ステークホルダー対話・コミュニケーション,ステークホルダー全般エンゲージメント,ステークホルダーとの協働,ステークホルダーと協働
ステークホルダー対話・コミュニケーション,ステークホルダー全般エンゲージメント,ステークホルダーとの協働,ステークホルダーと共
ステークホルダー対話・コミュニケーション,ステークホルダー全般エンゲージメント,ステークホルダーへの貢献,ステークホルダーへの貢献
ステークホルダー対話・コミュニケーション,ステークホルダー全般エンゲージメント,ステークホルダーへの貢献,ステークホルダー貢献
ステークホルダー対話・コミュニケーション,ESG・社会インパクト管理,ESG・社会インパクト管理,サステナビリティビジョン
ステークホルダー対話・コミュニケーション,ESG・社会インパクト管理,ESG・社会インパクト管理,サステナビリティ目標
ステークホルダー対話・コミュニケーション,ESG・社会インパクト管理,ESG・社会インパクト管理,サステナビリティ委員会
ステークホルダー対話・コミュニケーション,ESG・社会インパクト管理,ESG・社会インパクト管理,サステナビリティ基本方針
ステークホルダー対話・コミュニケーション,ESG・社会インパクト管理,ESG・社会インパクト管理,インパクトアセスメント
ステークホルダー対話・コミュニケーション,ESG・社会インパクト管理,ESG・社会インパクト管理,インパクトレポート
ステークホルダー対話・コミュニケーション,ESG・社会インパクト管理,ESG・社会インパクト管理,ESG委員会
ステークホルダー対話・コミュニケーション,ESG・社会インパクト管理,ESG・社会インパクト管理,サステナビリティ推進体制
ステークホルダー対話・コミュニケーション,ESG・社会インパクト管理,ESG・社会インパクト管理,サステナビリティボンド
ステークホルダー対話・コミュニケーション,ESG・社会インパクト管理,ESG・社会インパクト管理,グリーンボンド
ステークホルダー対話・コミュニケーション,ESG・社会インパクト管理,ESG・社会インパクト管理,インパクト投資
ステークホルダー対話・コミュニケーション,ESG・社会インパクト管理,ESG・社会インパクト管理,責任ある
ステークホルダー対話・コミュニケーション,ESG・社会インパクト管理,ESG・社会インパクト管理,responsible
ステークホルダー対話・コミュニケーション,株主・投資家エンゲージメント,株主・投資家エンゲージメント,株主
ステークホルダー対話・コミュニケーション,株主・投資家エンゲージメント,株主・投資家エンゲージメント,支配株主
ステークホルダー対話・コミュニケーション,株主・投資家エンゲージメント,株主・投資家エンゲージメント,当社株主に帰属する当期純利
ステークホルダー対話・コミュニケーション,株主・投資家エンゲージメント,株主・投資家エンゲージメント,当社株主への配当金
ステークホルダー対話・コミュニケーション,株主・投資家エンゲージメント,株主・投資家エンゲージメント,非支配株主との資本取引
ステークホルダー対話・コミュニケーション,株主・投資家エンゲージメント,株主・投資家エンゲージメント,株主持分計算書
ステークホルダー対話・コミュニケーション,株主・投資家エンゲージメント,株主・投資家エンゲージメント,株主総会
ステークホルダー対話・コミュニケーション,株主・投資家エンゲージメント,株主・投資家エンゲージメント,株主還元
ステークホルダー対話・コミュニケーション,株主・投資家エンゲージメント,株主・投資家エンゲージメント,株主価値
ステークホルダー対話・コミュニケーション,株主・投資家エンゲージメント,株主・投資家エンゲージメント,株主資本
ステークホルダー対話・コミュニケーション,株主・投資家エンゲージメント,株主・投資家エンゲージメント,株主資本コスト
ステークホルダー対話・コミュニケーション,株主・投資家エンゲージメント,株主・投資家エンゲージメント,株主資本利益率
ステークホルダー対話・コミュニケーション,株主・投資家エンゲージメント,株主・投資家エンゲージメント,株主総利回り
ステークホルダー対話・コミュニケーション,株主・投資家エンゲージメント,株主・投資家エンゲージメント,負債資本
ステークホルダー対話・コミュニケーション,株主・投資家エンゲージメント,株主・投資家エンゲージメント,投資家
ステークホルダー対話・コミュニケーション,株主・投資家エンゲージメント,株主・投資家エンゲージメント,株主・投資家とのエンゲージメント
ステークホルダー対話・コミュニケーション,株主・投資家エンゲージメント,株主・投資家エンゲージメント,株主・投資家エンゲージメント
ステークホルダー対話・コミュニケーション,株主・投資家エンゲージメント,株主・投資家エンゲージメント,投資家・株主との対話
ステークホルダー対話・コミュニケーション,株主・投資家エンゲージメント,株主・投資家エンゲージメント,投資家・株主の皆様との対話
ステークホルダー対話・コミュニケーション,株主・投資家エンゲージメント,株主・投資家エンゲージメント,株主・投資家との対話
ステークホルダー対話・コミュニケーション,株主・投資家エンゲージメント,株主・投資家エンゲージメント,株主・投資家の皆様との対話
ステークホルダー対話・コミュニケーション,株主・投資家エンゲージメント,株主・投資家エンゲージメント,株主の皆様との対話
ステークホルダー対話・コミュニケーション,株主・投資家エンゲージメント,株主・投資家エンゲージメント,株主の皆様との双方向コミュニケーション
ステークホルダー対話・コミュニケーション,株主・投資家エンゲージメント,株主・投資家エンゲージメント,株主の皆様の声
ステークホルダー対話・コミュニケーション,株主・投資家エンゲージメント,株主・投資家エンゲージメント,株主満足
ステークホルダー対話・コミュニケーション,株主・投資家エンゲージメント,株主・投資家エンゲージメント,株主の満足
ステークホルダー対話・コミュニケーション,株主・投資家エンゲージメント,株主・投資家エンゲージメント,株主の皆様との関係
ステークホルダー対話・コミュニケーション,株主・投資家エンゲージメント,株主・投資家エンゲージメント,株主の皆様の権利
ステークホルダー対話・コミュニケーション,株主・投資家エンゲージメント,株主・投資家エンゲージメント,株主価値向上
ステークホルダー対話・コミュニケーション,株主・投資家エンゲージメント,株主・投資家エンゲージメント,株主価値の向上
ステークホルダー対話・コミュニケーション,取引先とのエンゲージメント,取引先とのエンゲージメント,取引先
ステークホルダー対話・コミュニケーション,取引先とのエンゲージメント,取引先とのエンゲージメント,取引先とのエンゲージメント
ステークホルダー対話・コミュニケーション,取引先とのエンゲージメント,取引先とのエンゲージメント,取引先との共創
ステークホルダー対話・コミュニケーション,取引先とのエンゲージメント,取引先とのエンゲージメント,取引先との連携
ステークホルダー対話・コミュニケーション,取引先とのエンゲージメント,取引先とのエンゲージメント,取引先との対話
ステークホルダー対話・コミュニケーション,取引先とのエンゲージメント,取引先とのエンゲージメント,取引先との協働
ステークホルダー対話・コミュニケーション,取引先とのエンゲージメント,取引先とのエンゲージメント,パートナー
ステークホルダー対話・コミュニケーション,取引先とのエンゲージメント,取引先とのエンゲージメント,パートナーとのエンゲージメント
ステークホルダー対話・コミュニケーション,取引先とのエンゲージメント,取引先とのエンゲージメント,パートナーとの共創
ステークホルダー対話・コミュニケーション,取引先とのエンゲージメント,取引先とのエンゲージメント,パートナーとも共創
ステークホルダー対話・コミュニケーション,取引先とのエンゲージメント,取引先とのエンゲージメント,パートナーとの連携
ステークホルダー対話・コミュニケーション,取引先とのエンゲージメント,取引先とのエンゲージメント,パートナーとの対話
ステークホルダー対話・コミュニケーション,取引先とのエンゲージメント,取引先とのエンゲージメント,パートナーとの協働
ステークホルダー対話・コミュニケーション,取引先とのエンゲージメント,取引先とのエンゲージメント,サプライヤー
ステークホルダー対話・コミュニケーション,取引先とのエンゲージメント,取引先とのエンゲージメント,サプライヤーとのエンゲージメント
ステークホルダー対話・コミュニケーション,取引先とのエンゲージメント,取引先とのエンゲージメント,サプライヤーとの共創
ステークホルダー対話・コミュニケーション,取引先とのエンゲージメント,取引先とのエンゲージメント,サプライヤーとの連携
ステークホルダー対話・コミュニケーション,取引先とのエンゲージメント,取引先とのエンゲージメント,サプライヤーとの対話
ステークホルダー対話・コミュニケーション,取引先とのエンゲージメント,取引先とのエンゲージメント,サプライヤーとの協働
ステークホルダー対話・コミュニケーション,NPO・NGO,NPO・NGO,NPO
ステークホルダー対話・コミュニケーション,NPO・NGO,NPO・NGO,NGO
ステークホルダー対話・コミュニケーション,NPO・NGO,NPO・NGO,NPO／NGO
ステークホルダー対話・コミュニケーション,NPO・NGO,NPO・NGO,NPO・NGO
ステークホルダー対話・コミュニケーション,NPO・NGO,NPO・NGO,NPO・NGOとの対話
ステークホルダー対話・コミュニケーション,その他ステークホルダーとのエンゲージメント,その他ステークホルダーとのエンゲージメント,外部有識者との対話
ステークホルダー対話・コミュニケーション,その他ステークホルダーとのエンゲージメント,その他ステークホルダーとのエンゲージメント,住民との対話
ステークホルダー対話・コミュニケーション,その他ステークホルダーとのエンゲージメント,その他ステークホルダーとのエンゲージメント,市民
ステークホルダー対話・コミュニケーション,その他ステークホルダーとのエンゲージメント,その他ステークホルダーとのエンゲージメント,国際社会
ステークホルダー対話・コミュニケーション,その他ステークホルダーとのエンゲージメント,その他ステークホルダーとのエンゲージメント,業界団体
リスクマネジメント,リスク管理,リスクマネジメントの仕組・システム,リスクマネジメント
リスクマネジメント,リスク管理,リスクマネジメントの仕組・システム,統合リスクマネジメント
リスクマネジメント,リスク管理,リスクマネジメントの仕組・システム,ERM
リスクマネジメント,リスク管理,リスクマネジメントの仕組・システム,Enterpricewide Risk Management
リスクマネジメント,リスク管理,リスクマネジメントの仕組・システム,リスクマネジメントの仕組
リスクマネジメント,リスク管理,リスクマネジメントの仕組・システム,リスクマネジメントの活動サイクル
リスクマネジメント,リスク管理,リスクマネジメントの仕組・システム,リスクの特定
リスクマネジメント,リスク管理,リスクマネジメントの仕組・システム,エマージングリスク
リスクマネジメント,リスク管理,リスクマネジメントの仕組・システム,リスクマップ
リスクマネジメント,リスク管理,リスクマネジメントの仕組・システム,リスクの対応
リスクマネジメント,リスク管理,リスクマネジメントの仕組・システム,リスク対応策
リスクマネジメント,リスク管理,リスクマネジメントの仕組・システム,リスクのモニタリング
リスクマネジメント,リスク管理,リスクマネジメントの仕組・システム,リスクの低減
リスクマネジメント,リスク管理,リスクマネジメントの仕組・システム,リスクの対応とモニタリング
リスクマネジメント,リスク管理,リスクマネジメントの仕組・システム,リスクマネジメント委員会
リスクマネジメント,リスク管理,リスクマネジメントの仕組・システム,企業倫理リスクマネジメント委員会
リスクマネジメント,リスク管理,企業倫理・コンプライアンス,企業倫理委員会
リスクマネジメント,リスク管理,企業倫理・コンプライアンス,コンプライアンス
リスクマネジメント,リスク管理,企業倫理・コンプライアンス,腐敗防止
リスクマネジメント,リスク管理,企業倫理・コンプライアンス,英国現代奴隷法
リスクマネジメント,リスク管理,企業倫理・コンプライアンス,企業倫理リスクマネジメント委員会
リスクマネジメント,リスク管理,企業倫理・コンプライアンス,企業倫理委員会
リスクマネジメント,リスク管理,企業倫理・コンプライアンス,不正
リスクマネジメント,リスク管理,重要リスク,重要リスク
リスクマネジメント,リスク管理,リーガルリスク,リーガルリスク
リスクマネジメント,リスク管理,外部環境リスク,外部環境リスク
リスクマネジメント,リスク管理,環境リスク,気候変動リスク
リスクマネジメント,リスク管理,環境リスク,自然環境等リスク
リスクマネジメント,リスク管理,リソース・インフラリスク,リソース・インフラリスク
リスクマネジメント,リスク管理,地政学リスク,地政学リスク
リスクマネジメント,リスク管理,人権の尊重,人権リスク
リスクマネジメント,リスク管理,情報セキュリティリスク,セキュリティ
リスクマネジメント,リスク管理,情報セキュリティリスク,情報セキュリティ
リスクマネジメント,リスク管理,情報セキュリティリスク,セキュリティリスク
コーポレートガバナンス体制,コーポレートガバナンス体制,コーポレートガバナンス体制,ガバナンス
コーポレートガバナンス体制,コーポレートガバナンス体制,コーポレートガバナンス体制,コーポレートガバナンス
コーポレートガバナンス体制,コーポレートガバナンス体制,コーポレートガバナンス体制,コーポレート・ガバナンス
コーポレートガバナンス体制,コーポレートガバナンス体制,コーポレートガバナンス体制,コーポレートガバナンス体制
コーポレートガバナンス体制,コーポレートガバナンス体制,コーポレートガバナンス体制,コーポレート・ガバナンス体制
コーポレートガバナンス体制,コーポレートガバナンス体制,コーポレートガバナンス体制,コーポレートガバナンスの強化
コーポレートガバナンス体制,コーポレートガバナンス体制,コーポレートガバナンス体制,コーポレートガバナンス基本方針
コーポレートガバナンス体制,コーポレートガバナンス体制,コーポレートガバナンス体制,コーポレートガバナンスの実効性
コーポレートガバナンス体制,コーポレートガバナンス体制,コーポレートガバナンス体制,コーポレート・ガバナンスポリシー
コーポレートガバナンス体制,コーポレートガバナンス体制,コーポレートガバナンス体制,過半数
コーポレートガバナンス体制,コーポレートガバナンス体制,コーポレートガバナンス体制,の過半数
コーポレートガバナンス体制,コーポレートガバナンス体制,コーポレートガバナンス体制,会の過半数
コーポレートガバナンス体制,コーポレートガバナンス体制,コーポレートガバナンス体制,監査役会設置会社
コーポレートガバナンス体制,コーポレートガバナンス体制,コーポレートガバナンス体制,監査等委員会設置会社
コーポレートガバナンス体制,コーポレートガバナンス体制,コーポレートガバナンス体制,指名委員会等設置会社
コーポレートガバナンス体制,コーポレートガバナンス体制,コーポレートガバナンス委員会,コーポレートガバナンス委員会
コーポレートガバナンス体制,コーポレートガバナンス体制,コーポレートガバナンス委員会,コーポレート・ガバナンス委員会
コーポレートガバナンス体制,コーポレートガバナンス体制,コーポレートガバナンス委員会,hhcガバナンス委員会
コーポレートガバナンス体制,コーポレートガバナンス体制,コーポレートガバナンス委員会,サステナビリティ委員会
コーポレートガバナンス体制,コーポレートガバナンス体制,コーポレートガバナンス委員会,コーポレートガバナンス委員会による評価
コーポレートガバナンス体制,コーポレートガバナンス体制,コーポレートガバナンス委員会,コーポレート・ガバナンス委員会による評価
コーポレートガバナンス体制,コーポレートガバナンス体制,コーポレートガバナンス委員会,コーポレート・ガバナンス委員会による「取締役会の実効性評価」
コーポレートガバナンス体制,取締役実効性評価と方針,取締役会の実効性評価,実効性評価
コーポレートガバナンス体制,取締役実効性評価と方針,取締役会の実効性評価,取締役会の実効性評価
コーポレートガバナンス体制,取締役実効性評価と方針,取締役会の実効性評価,取締役会実効性評価
コーポレートガバナンス体制,取締役実効性評価と方針,取締役会の実効性評価,実効性評価
コーポレートガバナンス体制,取締役実効性評価と方針,取締役会の実効性評価,監査役会の実効性評価
コーポレートガバナンス体制,取締役実効性評価と方針,取締役会の実効性評価,監査役会実効性評価
コーポレートガバナンス体制,取締役実効性評価と方針,取締役会の実効性評価,取締役会実効性向上
コーポレートガバナンス体制,取締役実効性評価と方針,取締役会の実効性評価,スキルマトリックス
コーポレートガバナンス体制,取締役実効性評価と方針,取締役会の実効性評価,取締役会スキルマトリックス
コーポレートガバナンス体制,取締役実効性評価と方針,取締役会の実効性評価,意思決定スキル
コーポレートガバナンス体制,取締役実効性評価と方針,取締役会の実効性評価,監督スキル
コーポレートガバナンス体制,取締役実効性評価と方針,取締役会の運営方針,運営方針
コーポレートガバナンス体制,取締役実効性評価と方針,取締役会の運営方針,取締役会の運営方針
コーポレートガバナンス体制,取締役実効性評価と方針,取締役会の運営方針,取締役会運営方針
コーポレートガバナンス体制,取締役実効性評価と方針,業務執行を行わない取締役,業務執行を行わない取締役
コーポレートガバナンス体制,社外取締役・社外監査役,社外取締役,社外取締役
コーポレートガバナンス体制,社外取締役・社外監査役,社外取締役,社外取締役の出席率
コーポレートガバナンス体制,社外取締役・社外監査役,社外取締役,社外取締役の割合
コーポレートガバナンス体制,社外取締役・社外監査役,社外取締役,社外取締役の割合を3分の1以上
コーポレートガバナンス体制,社外取締役・社外監査役,社外取締役,社外取締役比率
コーポレートガバナンス体制,社外取締役・社外監査役,独立社外取締役,独立社外取締役
コーポレートガバナンス体制,社外取締役・社外監査役,独立社外取締役,独立社外取締役の割合
コーポレートガバナンス体制,社外取締役・社外監査役,独立社外取締役,独立社外取締役の割合を3分の1以上
コーポレートガバナンス体制,社外取締役・社外監査役,社外監査役,社外監査役
コーポレートガバナンス体制,社外取締役・社外監査役,社外監査役,社外監査役の出席率
コーポレートガバナンス体制,社外取締役・社外監査役,独立社外監査役,独立社外監査役
コーポレートガバナンス体制,委員会委員長・委員,委員,委員
コーポレートガバナンス体制,委員会委員長・委員,委員,委員は
コーポレートガバナンス体制,委員会委員長・委員,委員,委員は、独立社外取締役および独立社外監査役
コーポレートガバナンス体制,委員会委員長・委員,委員長,委員長
コーポレートガバナンス体制,委員会委員長・委員,委員長,委員長を社外
コーポレートガバナンス体制,委員会委員長・委員,委員長,委員長は
コーポレートガバナンス体制,委員会委員長・委員,委員長,委員長はいずれも独立社外取締役
コーポレートガバナンス体制,女性取締役,女性取締役,女性取締役
コーポレートガバナンス体制,女性取締役,女性取締役,女性取締役比率
コーポレートガバナンス体制,社長指名,指名諮問委員会,指名委員会
コーポレートガバナンス体制,社長指名,指名諮問委員会,指名諮問委員会
コーポレートガバナンス体制,社長指名,指名諮問委員会,社長指名諮問委員会
コーポレートガバナンス体制,社長指名,指名諮問委員会,社長指名諮問委員会の委員長
コーポレートガバナンス体制,取締役・監査役・執行役員人事,人事諮問委員会,人事委員会
コーポレートガバナンス体制,取締役・監査役・執行役員人事,人事諮問委員会,人事諮問委員会
コーポレートガバナンス体制,取締役・監査役・執行役員人事,人事諮問委員会,人事諮問委員会の委員長
コーポレートガバナンス体制,取締役・監査役・執行役員人事,執行役員の人事・評価・報酬,執行役員
コーポレートガバナンス体制,取締役・監査役・執行役員人事,執行役員の人事・評価・報酬,執行役員制度
コーポレートガバナンス体制,取締役・監査役・執行役員人事,執行役員の人事・評価・報酬,執行役員の人事
コーポレートガバナンス体制,取締役・監査役・執行役員人事,執行役員の人事・評価・報酬,執行役員の評価
コーポレートガバナンス体制,取締役・監査役・執行役員人事,執行役員の人事・評価・報酬,執行役員の報酬
コーポレートガバナンス体制,役員報酬,報酬諮問委員会,報酬委員会
コーポレートガバナンス体制,役員報酬,報酬諮問委員会,報酬諮問委員会
コーポレートガバナンス体制,役員報酬,報酬諮問委員会,報酬諮問委員会の委員長
コーポレートガバナンス体制,役員報酬,報酬制度,報酬
コーポレートガバナンス体制,役員報酬,報酬制度,役員報酬制度
コーポレートガバナンス体制,役員報酬,報酬制度,取締役報酬
コーポレートガバナンス体制,役員報酬,報酬制度,報酬決定方法
コーポレートガバナンス体制,役員報酬,報酬制度,報酬構成
コーポレートガバナンス体制,役員報酬,報酬制度,報酬水準
コーポレートガバナンス体制,役員報酬,報酬制度,基本報酬
コーポレートガバナンス体制,役員報酬,報酬制度,変動報酬
コーポレートガバナンス体制,役員報酬,報酬制度,業績連動
コーポレートガバナンス体制,役員報酬,報酬制度,業績連動報酬
コーポレートガバナンス体制,役員報酬,報酬制度,業績連動型株式報酬
コーポレートガバナンス体制,役員報酬,報酬制度,中長期業績連動報酬
コーポレートガバナンス体制,役員報酬,報酬制度,短期業績連動報酬
コーポレートガバナンス体制,経営者育成,経営者育成,後継者計画
コーポレートガバナンス体制,経営者育成,経営者育成,サクセッションプラン
コーポレートガバナンス体制,経営者育成,経営者育成,CEOスキル
コーポレートガバナンス体制,経営者育成,経営者育成,CEOスキルセット
コーポレートガバナンス体制,経営者育成,経営者育成,経営者育成
コーポレートガバナンス体制,経営者育成,経営者育成,次世代経営者育成
コーポレートガバナンス体制,経営者育成,経営者育成,経営者育成計画
マテリアリティ,マテリアリティ,マテリアリティ,マテリアリティ
マテリアリティ,マテリアリティ,マテリアリティ,環境認識
マテリアリティ,マテリアリティ,マテリアリティ,重要課題
マテリアリティ,マテリアリティ,マテリアリティ,マテリアリティ（重要事項）
マテリアリティ,マテリアリティ,マテリアリティ,重要性の評価
マテリアリティ,マテリアリティ,マテリアリティ,妥当性評価
マテリアリティ,マテリアリティ,マテリアリティ,マテリアリティ特定
マテリアリティ,マテリアリティ,マテリアリティ,マテリアリティの特定
マテリアリティ,マテリアリティ,マテリアリティ,マテリアリティマップ
マテリアリティ,マテリアリティ,マテリアリティ,サステナビリティ課題
マテリアリティ,マテリアリティ,マテリアリティ,サステナビリティ重要課題
財務,財務戦略,財務戦略,財務
財務,財務戦略,財務戦略,財務データ
財務,財務戦略,財務戦略,非財務
財務,財務戦略,財務戦略,財務資本
財務,財務戦略,財務戦略,非財務資本
財務,財務戦略,財務戦略,非財務情報
財務,財務戦略,財務戦略,財務・非財務
財務,財務戦略,財務戦略,財務・非財務情報
財務,財務戦略,財務戦略,財務・非財務データ
財務,財務戦略,財務戦略,非財務KPI
財務,財務戦略,財務戦略,非財務指標
財務,財務戦略,財務戦略,非財務目標
財務,財務戦略,財務戦略,CSVコミットメント
財務,財務戦略,財務戦略,財務価値
財務,財務戦略,財務戦略,財務戦略
財務,財務戦略,財務戦略,財務基盤
財務,財務戦略,財務戦略,財務資本戦略
財務,成長性,売上成長,単価成長率
財務,成長性,売上成長,オーガニック成長率
財務,収益性,売上総利益・付加価値重視,売上総利益
財務,収益性,売上総利益・付加価値重視,売上総利益率
財務,収益性,売上総利益・付加価値重視,グロスマージン
財務,収益性,売上総利益・付加価値重視,売上総利益率を改善
財務,収益性,売上総利益・付加価値重視,売上総利益率の改善
財務,収益性,売上総利益・付加価値重視,売上総利益率を向上
財務,収益性,売上総利益・付加価値重視,売上総利益率の向上
財務,収益性,売上総利益・付加価値重視,付加価値率
財務,収益性,一人当たり生産性,一人当たり生産性
財務,資本利益率重視,資本効率,資本効率
財務,資本利益率重視,資本効率,ROE
財務,資本利益率重視,ROIC,ROIC
財務,資本利益率重視,ROIC,投下資本効率
財務,資本利益率重視,ROIC,投下資本利益率
財務,資本利益率重視,ROIC向上,ROICの向上
財務,資本利益率重視,ROIC向上,ROICを向上
財務,資本利益率重視,ROIC向上,ROIC向上
財務,資本利益率重視,ROIC向上,ROICの向上
財務,資本利益率重視,ROIC向上,ROICの改善
財務,資本利益率重視,ROIC向上,ROICを改善
財務,資本利益率重視,ROIC向上,ROIC改善
財務,資本利益率重視,ROICツリー,ROICツリー
財務,資本利益率重視,ROICツリー,ROIC逆ツリー
財務,資本利益率重視,ROIC経営,ROIC経営
財務,株主へのリターン,資本コスト,資本コスト
財務,株主へのリターン,資本コスト,資本コストを上回る
財務,株主へのリターン,資本コスト,ハードルレート
財務,株主へのリターン,資本コスト,WACC
財務,株主へのリターン,資本コスト,WACCの低減
財務,株主へのリターン,資本コスト,WACC低減
財務,株主へのリターン,TSR,TSR
財務,株主へのリターン,TSR,株価パフォーマンス
財務,株主へのリターン,TSR,TOPIX
財務,株主へのリターン,配当政策,株主還元
財務,株主へのリターン,配当政策,株主還元方針
財務,株主へのリターン,配当政策,配当政策
財務,株主へのリターン,配当政策,配当性向
財務,株主へのリターン,配当政策,総還元性向
財務,株主へのリターン,配当政策,1株当たり配当
財務,株主へのリターン,配当政策,DOE
財務,株主へのリターン,配当政策,株主資本配当率
財務,株主へのリターン,1株当たり当期利益,1株当たり当期利益
財務,安全性,資本構成,DER
財務,安全性,資本構成,STAKEHOLDER
財務,安全性,資本構成,デットエクイティレシオ
財務,安全性,資本構成,デット・エクイティ・レシオ
財務,安全性,資本構成,DEレシオ
財務,安全性,資本構成,有利子負債
財務,安全性,資本構成,有利子負債水準
財務,安全性,資本構成,有利子負債水準の限度額
財務,安全性,資本構成,有利子負債水準限度額
財務,安全性,資本構成,有利子負債の限度額
財務,安全性,資本構成,有利子負債限度額
財務,安全性,資本構成,手元現預金の確保
財務,安全性,資本構成,手元現預金確保
財務,安全性,資本構成,資本配分
財務,安全性,資本構成,政策保有株式
財務,安全性,資本構成,自己資本比率
財務,安全性,資本構成,株主資本比率
財務,安全性,資本構成,資本構成
財務,安全性,資本構成,最適資本構成
財務,安全性,資本構成,最適負債資本構成
財務,企業価値,企業価値,企業価値
財務,企業価値,企業価値,企業価値最大化
財務,企業価値,企業価値,企業価値の最大化
財務,企業価値,企業価値,企業価値向上
財務,企業価値,企業価値,企業価値の向上
財務,企業価値,企業価値,企業価値を向上
財務,企業価値,企業価値,企業価値評価
財務,企業価値,企業価値,企業ブランド価値
外部評価,外部評価,サステナビリティ銘柄,MSCI
外部評価,外部評価,サステナビリティ銘柄,MSCI ESG Rating
外部評価,外部評価,サステナビリティ銘柄,DJSI
外部評価,外部評価,サステナビリティ銘柄,S&P
外部評価,外部評価,サステナビリティ銘柄,FTSE
外部評価,外部評価,サステナビリティ銘柄,Top100 グローバル・イノベーター
外部評価,外部評価,サステナビリティ銘柄,EcoVadis
外部評価,外部評価,サステナビリティ銘柄,NiKKEI225
外部評価,外部評価,サステナビリティ銘柄,Japan Times Satoyama & ESG Awards
外部評価,外部評価,サステナビリティ銘柄,IR優良企業賞
外部評価,外部評価,サステナビリティ銘柄,GPIF
外部評価,外部評価,開示・コミュニケーション,インターブランド
外部評価,外部評価,開示・コミュニケーション,日経アニュアルリポートアウォード
外部評価,外部評価,開示・コミュニケーション,WICI
外部評価,外部評価,健全経営,PRIDE指標
外部評価,外部評価,健全経営,くるみん
外部評価,外部評価,健全経営,プラチナくるみん
外部評価,外部評価,健全経営,なでしこ銘柄
外部評価,外部評価,健全経営,健康経営銘柄
外部評価,外部評価,健全経営,健康経営優良法人
ESG基準・フレームワーク・ガイドライン,ESG基準・フレームワーク・ガイドライン,ESG基準・フレームワーク・ガイドライン,GRI
ESG基準・フレームワーク・ガイドライン,ESG基準・フレームワーク・ガイドライン,ESG基準・フレームワーク・ガイドライン,IIRC
ESG基準・フレームワーク・ガイドライン,ESG基準・フレームワーク・ガイドライン,ESG基準・フレームワーク・ガイドライン,SASB
ESG基準・フレームワーク・ガイドライン,ESG基準・フレームワーク・ガイドライン,ESG基準・フレームワーク・ガイドライン,WBA
ESG基準・フレームワーク・ガイドライン,ESG基準・フレームワーク・ガイドライン,ESG基準・フレームワーク・ガイドライン,GRI対照表
ESG基準・フレームワーク・ガイドライン,ESG基準・フレームワーク・ガイドライン,ESG基準・フレームワーク・ガイドライン,ISO26000
ESG基準・フレームワーク・ガイドライン,ESG基準・フレームワーク・ガイドライン,ESG基準・フレームワーク・ガイドライン,価値協創ガイダンス
ESG基準・フレームワーク・ガイドライン,ESG基準・フレームワーク・ガイドライン,ESG基準・フレームワーク・ガイドライン,国際統合報告フレームワーク
宣言,宣言,宣言,グローバルコンパクト
開示,開示,開示,第三者保証